code_region;nom_de_la_region;code_departement;code_arrondissement;code_canton;code_commune;nom_de_la_commune;population_municipale;population_comptee_a_part;population_totale;annee_recensement;annee_utilisation;code_insee;superficie;statut;code_insee_commune;nom_com;nom_dep;nom_reg;epci;code_epci;libepci
32;Hauts-de-France;59;5;13;163;Croix;20927;293;21220;2014;2017;59163;4.5;Commune;59163;Croix;NORD;HAUTS-DE-FRANCE;245900410;245900410;CU Lille Métropole
31;Nord-Pas-de-Calais;59;5;04;173;Deûlémont;1685;20;1705;2013;2016;59173;9.96;Commune;59173;Deûlémont;NORD;HAUTS-DE-FRANCE;245900410;245900410;CU de Lille Métropole
31;Nord-Pas-de-Calais;59;5;02;303;Herlies;2319;40;2359;2013;2016;59303;7.08;Commune;59303;Herlies;NORD;HAUTS-DE-FRANCE;245900410;245900410;CU de Lille Métropole
31;Nord-Pas-de-Calais;59;5;22;356;Lompret;2305;55;2360;2013;2016;59356;3.13;Commune;59356;;;;245900410;245900410;CU de Lille Métropole
31;Nord-Pas-de-Calais;59;5;57;011;Annoeullin;10335;110;10445;2012;2015;59011;8.94;Commune;59011;Annœullin;NORD;HAUTS-DE-FRANCE;245901061;245901061;CC de la Haute Deûle
31;Nord-Pas-de-Calais;59;5;38;328;Lambersart;28435;347;28782;2012;2015;59328;6.07;Commune;59328;Lambersart;NORD;HAUTS-DE-FRANCE;245900410;245900410;CU de Lille Métropole
31;Nord-Pas-de-Calais;59;5;37;410;Mons-en-Baroeul;21272;167;21439;2012;2015;59410;2.9;Commune;59410;Mons-en-Barœul;NORD;HAUTS-DE-FRANCE;245900410;245900410;CU de Lille Métropole
32;Hauts-de-France;59;5;02;052;Bauvin;5279;57;5336;2015;2018;59052;3.9;Commune;59052;Bauvin;NORD;HAUTS-DE-FRANCE;245901061;245901061;CC de la Haute Deûle
32;Hauts-de-France;59;5;04;088;Bois-Grenier;1589;22;1611;2015;2018;59088;7.47;Commune;59088;Bois-Grenier;NORD;HAUTS-DE-FRANCE;245900816;245900816;CC des Weppes
32;Hauts-de-France;59;5;02;133;Carnin;975;19;994;2015;2018;59133;2.34;Commune;59133;Carnin;NORD;HAUTS-DE-FRANCE;245901061;245901061;CC de la Haute Deûle
32;Hauts-de-France;59;5;37;426;Neuville-en-Ferrain;10434;67;10501;2015;2018;59426;6.2;Commune;59426;Neuville-en-Ferrain;NORD;HAUTS-DE-FRANCE;245900410;245900410;Métropole Européenne de Lille
32;Hauts-de-France;59;5;18;609;Vendeville;1649;13;1662;2015;2018;59609;2.58;Commune;59609;Vendeville;NORD;HAUTS-DE-FRANCE;245900410;245900410;Métropole Européenne de Lille
32;Hauts-de-France;59;5;04;202;Erquinghem-Lys;5081;40;5121;2016;2019;59202;9.2;Commune;59202;Erquinghem-Lys;NORD;HAUTS-DE-FRANCE;245900410;245900410;Métropole Européenne de Lille
32;Hauts-de-France;59;5;18;316;Houplin-Ancoisne;3439;43;3482;2016;2019;59316;6.49;Commune;59316;Houplin-Ancoisne;NORD;HAUTS-DE-FRANCE;245900410;245900410;Métropole Européenne de Lille
32;Hauts-de-France;59;5;18;193;Emmerin;3173;26;3199;2015;2018;59193;4.99;Commune;59193;Emmerin;NORD;HAUTS-DE-FRANCE;245900410;245900410;Métropole Européenne de Lille
32;Hauts-de-France;59;5;22;611;Verlinghem;2445;56;2501;2016;2019;59611;10.15;Commune;59611;Verlinghem;NORD;HAUTS-DE-FRANCE;245900410;245900410;Métropole Européenne de Lille
31;Nord-Pas-de-Calais;59;5;04;017;Armentières;25978;398;26376;2013;2016;59017;6.23;Commune;59017;Armentières;NORD;HAUTS-DE-FRANCE;245900410;245900410;CU de Lille Métropole
31;Nord-Pas-de-Calais;59;5;02;025;Aubers;1536;38;1574;2013;2016;59025;10.09;Commune;59025;;;;245900816;245900816;CC des Weppes
32;Hauts-de-France;59;5;02;011;Annœullin;10325;114;10439;2014;2017;59011;8.94;Commune;59011;Annœullin;NORD;HAUTS-DE-FRANCE;245901061;245901061;CC de la Haute Deûle
32;Hauts-de-France;59;5;13;332;Lannoy;1778;9;1787;2014;2017;59332;0.17;Commune;59332;;;;245900410;245900410;CU Lille Métropole
32;Hauts-de-France;59;5;97;350;Lille;233897;4484;238381;2014;2017;59350;34.98;Commune;59350;Lille;NORD;HAUTS-DE-FRANCE;245900410;245900410;CU Lille Métropole
32;Hauts-de-France;59;5;18;585;Templemars;3267;30;3297;2014;2017;59585;4.61;Commune;59585;Templemars;NORD;HAUTS-DE-FRANCE;245900410;245900410;CU Lille Métropole
31;Nord-Pas-de-Calais;59;5;74;208;Escobecques;301;8;309;2012;2015;59208;1.84;Commune;59208;Escobecques;NORD;HAUTS-DE-FRANCE;245900410;245900410;CU de Lille Métropole
31;Nord-Pas-de-Calais;59;5;70;378;Marcq-en-Baroeul;39600;895;40495;2012;2015;59378;14.01;Commune;59378;Marcq-en-Barœul;NORD;HAUTS-DE-FRANCE;245900410;245900410;CU de Lille Métropole
31;Nord-Pas-de-Calais;59;5;07;388;Marquillies;1991;37;2028;2012;2015;59388;6.82;Commune;59388;Marquillies;NORD;HAUTS-DE-FRANCE;245900410;245900410;CU de Lille Métropole
31;Nord-Pas-de-Calais;59;5;04;143;La Chapelle-d'Armentières;8570;88;8658;2013;2016;59143;10.74;Commune;59143;;;;245900410;245900410;CU de Lille Métropole
31;Nord-Pas-de-Calais;59;5;36;458;Péronne-en-Mélantois;895;14;909;2013;2016;59458;1.15;Commune;59458;Péronne-en-Mélantois;NORD;HAUTS-DE-FRANCE;245900410;245900410;CU de Lille Métropole
31;Nord-Pas-de-Calais;59;5;02;477;Provin;4187;31;4218;2013;2016;59477;3.33;Commune;59477;Provin;NORD;HAUTS-DE-FRANCE;245901061;245901061;CC de la Haute Deûle
31;Nord-Pas-de-Calais;59;5;18;585;Templemars;3216;31;3247;2013;2016;59585;4.61;Commune;59585;Templemars;NORD;HAUTS-DE-FRANCE;245900410;245900410;CU de Lille Métropole
32;Hauts-de-France;59;5;18;286;Haubourdin;14656;121;14777;2014;2017;59286;5.48;Commune;59286;Haubourdin;NORD;HAUTS-DE-FRANCE;245900410;245900410;CU Lille Métropole
32;Hauts-de-France;59;5;23;386;Marquette-lez-Lille;10308;68;10376;2014;2017;59386;4.81;Commune;59386;Marquette-lez-Lille;NORD;HAUTS-DE-FRANCE;245900410;245900410;CU Lille Métropole
32;Hauts-de-France;59;5;02;550;Salomé;2970;15;2985;2014;2017;59550;5.33;Commune;59550;Salomé;NORD;HAUTS-DE-FRANCE;245900410;245900410;CU Lille Métropole
32;Hauts-de-France;59;5;40;598;Toufflers;3931;23;3954;2014;2017;59598;2.43;Commune;59598;Toufflers;NORD;HAUTS-DE-FRANCE;245900410;245900410;CU Lille Métropole
31;Nord-Pas-de-Calais;59;5;33;146;Chéreng;2989;48;3037;2012;2015;59146;4.2;Commune;59146;Chéreng;NORD;HAUTS-DE-FRANCE;245900410;245900410;CU de Lille Métropole
31;Nord-Pas-de-Calais;59;5;07;550;Salomé;2972;12;2984;2012;2015;59550;5.33;Commune;59550;Salomé;NORD;HAUTS-DE-FRANCE;245900410;245900410;CU de Lille Métropole
31;Nord-Pas-de-Calais;59;5;33;602;Tressin;1411;51;1462;2012;2015;59602;1.91;Commune;59602;Tressin;NORD;HAUTS-DE-FRANCE;245900410;245900410;CU de Lille Métropole
31;Nord-Pas-de-Calais;59;5;99;650;Wattrelos;41633;278;41911;2012;2015;59650;13.57;Commune;59650;Wattrelos;NORD;HAUTS-DE-FRANCE;245900410;245900410;CU de Lille Métropole
32;Hauts-de-France;59;5;28;201;Erquinghem-le-Sec;590;9;599;2016;2019;59201;1.79;Commune;59201;;;;245900410;245900410;Métropole Européenne de Lille
32;Hauts-de-France;59;5;02;257;Fromelles;917;11;928;2016;2019;59257;8.69;Commune;59257;Fromelles;NORD;HAUTS-DE-FRANCE;245900816;245900816;CC des Weppes
32;Hauts-de-France;59;5;97;350;Lille;232440;4342;236782;2016;2019;59350;34.98;Commune;59350;Lille;NORD;HAUTS-DE-FRANCE;245900410;245900410;Métropole Européenne de Lille
32;Hauts-de-France;59;5;18;560;Seclin;12463;99;12562;2016;2019;59560;17.44;Commune;59560;Seclin;NORD;HAUTS-DE-FRANCE;245900410;245900410;Métropole Européenne de Lille
32;Hauts-de-France;59;5;02;653;Wavrin;7628;75;7703;2016;2019;59653;13.57;Commune;59653;;;;245900410;245900410;Métropole Européenne de Lille
32;Hauts-de-France;59;5;04;173;Deûlémont;1673;20;1693;2015;2018;59173;9.96;Commune;59173;Deûlémont;NORD;HAUTS-DE-FRANCE;245900410;245900410;Métropole Européenne de Lille
32;Hauts-de-France;59;5;04;202;Erquinghem-Lys;5005;39;5044;2015;2018;59202;9.2;Commune;59202;Erquinghem-Lys;NORD;HAUTS-DE-FRANCE;245900410;245900410;Métropole Européenne de Lille
32;Hauts-de-France;59;5;02;388;Marquillies;1987;37;2024;2015;2018;59388;6.82;Commune;59388;Marquillies;NORD;HAUTS-DE-FRANCE;245900410;245900410;Métropole Européenne de Lille
32;Hauts-de-France;59;5;02;550;Salomé;2970;25;2995;2015;2018;59550;5.33;Commune;59550;Salomé;NORD;HAUTS-DE-FRANCE;245900410;245900410;Métropole Européenne de Lille
32;Hauts-de-France;59;5;36;256;Fretin;3377;25;3402;2015;2018;59256;13.33;Commune;59256;Fretin;NORD;HAUTS-DE-FRANCE;245900410;245900410;Métropole Européenne de Lille
32;Hauts-de-France;59;5;36;013;Anstaing;1432;14;1446;2016;2019;59013;2.3;Commune;59013;Anstaing;NORD;HAUTS-DE-FRANCE;245900410;245900410;Métropole Européenne de Lille
32;Hauts-de-France;59;5;13;163;Croix;21271;296;21567;2016;2019;59163;4.5;Commune;59163;Croix;NORD;HAUTS-DE-FRANCE;245900410;245900410;Métropole Européenne de Lille
32;Hauts-de-France;59;5;02;371;Le Maisnil;643;15;658;2016;2019;59371;3.55;Commune;59371;Le Maisnil;NORD;HAUTS-DE-FRANCE;245900816;245900816;CC des Weppes
32;Hauts-de-France;59;5;40;598;Toufflers;3923;21;3944;2016;2019;59598;2.43;Commune;59598;Toufflers;NORD;HAUTS-DE-FRANCE;245900410;245900410;Métropole Européenne de Lille
32;Hauts-de-France;59;5;99;599;Tourcoing;97476;694;98170;2016;2019;59599;15.19;Commune;59599;;;;245900410;245900410;Métropole Européenne de Lille
32;Hauts-de-France;59;5;33;650;Wattrelos;41341;229;41570;2016;2019;59650;13.57;Commune;59650;Wattrelos;NORD;HAUTS-DE-FRANCE;245900410;245900410;Métropole Européenne de Lille
31;Nord-Pas-de-Calais;59;5;07;025;Aubers;1537;38;1575;2012;2015;59025;10.09;Commune;59025;;;;245900816;245900816;CC des Weppes
31;Nord-Pas-de-Calais;59;5;61;279;Halluin;20770;182;20952;2012;2015;59279;12.67;Commune;59279;;;;245900410;245900410;CU de Lille Métropole
31;Nord-Pas-de-Calais;59;5;28;360;Loos;21176;516;21692;2012;2015;59360;6.9;Commune;59360;Loos;NORD;HAUTS-DE-FRANCE;245900410;245900410;CU de Lille Métropole
32;Hauts-de-France;59;5;02;303;Herlies;2349;25;2374;2014;2017;59303;7.08;Commune;59303;Herlies;NORD;HAUTS-DE-FRANCE;245900410;245900410;CU Lille Métropole
32;Hauts-de-France;59;5;04;470;Prémesques;2193;24;2217;2014;2017;59470;5.08;Commune;59470;Prémesques;NORD;HAUTS-DE-FRANCE;245900410;245900410;CU Lille Métropole
32;Hauts-de-France;59;5;98;512;Roubaix;95600;596;96196;2014;2017;59512;13.21;Commune;59512;Roubaix;NORD;HAUTS-DE-FRANCE;245900410;245900410;CU Lille Métropole
32;Hauts-de-France;59;5;36;602;Tressin;1422;36;1458;2014;2017;59602;1.91;Commune;59602;Tressin;NORD;HAUTS-DE-FRANCE;245900410;245900410;CU Lille Métropole
32;Hauts-de-France;59;5;22;656;Wervicq-Sud;5278;48;5326;2014;2017;59656;5.03;Commune;59656;Wervicq-Sud;NORD;HAUTS-DE-FRANCE;245900410;245900410;CU Lille Métropole
31;Nord-Pas-de-Calais;59;5;02;011;Annoeullin;10246;111;10357;2013;2016;59011;8.94;Commune;59011;Annœullin;NORD;HAUTS-DE-FRANCE;245901061;245901061;CC de la Haute Deûle
31;Nord-Pas-de-Calais;59;5;04;202;Erquinghem-Lys;4773;41;4814;2013;2016;59202;9.2;Commune;59202;Erquinghem-Lys;NORD;HAUTS-DE-FRANCE;245900410;245900410;CU de Lille Métropole
31;Nord-Pas-de-Calais;59;5;02;281;Hantay;1193;13;1206;2013;2016;59281;2.12;Commune;59281;Hantay;NORD;HAUTS-DE-FRANCE;245900410;245900410;CU de Lille Métropole
32;Hauts-de-France;59;5;37;426;Neuville-en-Ferrain;10308;75;10383;2014;2017;59426;6.2;Commune;59426;Neuville-en-Ferrain;NORD;HAUTS-DE-FRANCE;245900410;245900410;CU Lille Métropole
32;Hauts-de-France;59;5;28;553;Santes;5858;77;5935;2014;2017;59553;7.52;Commune;59553;Santes;NORD;HAUTS-DE-FRANCE;245900410;245900410;CU Lille Métropole
31;Nord-Pas-de-Calais;59;5;02;051;La Bassée;6565;53;6618;2013;2016;59051;3.56;Commune;59051;La Bassée;NORD;HAUTS-DE-FRANCE;245900410;245900410;CU de Lille Métropole
31;Nord-Pas-de-Calais;59;5;22;152;Comines;12564;86;12650;2013;2016;59152;16.07;Commune;59152;Comines;NORD;HAUTS-DE-FRANCE;245900410;245900410;CU de Lille Métropole
31;Nord-Pas-de-Calais;59;5;13;163;Croix;21114;281;21395;2013;2016;59163;4.5;Commune;59163;Croix;NORD;HAUTS-DE-FRANCE;245900410;245900410;CU de Lille Métropole
31;Nord-Pas-de-Calais;59;5;33;339;Leers;9456;67;9523;2013;2016;59339;5.5;Commune;59339;Leers;NORD;HAUTS-DE-FRANCE;245900410;245900410;CU de Lille Métropole
31;Nord-Pas-de-Calais;59;5;02;524;Sainghin-en-Weppes;5584;56;5640;2013;2016;59524;7.81;Commune;59524;Sainghin-en-Weppes;NORD;HAUTS-DE-FRANCE;245900410;245900410;CU de Lille Métropole
32;Hauts-de-France;59;5;36;106;Bouvines;696;15;711;2015;2018;59106;2.73;Commune;59106;Bouvines;NORD;HAUTS-DE-FRANCE;245900410;245900410;Métropole Européenne de Lille
32;Hauts-de-France;59;5;28;566;Sequedin;4692;24;4716;2015;2018;59566;3.97;Commune;59566;Sequedin;NORD;HAUTS-DE-FRANCE;245900410;245900410;Métropole Européenne de Lille
32;Hauts-de-France;59;5;04;017;Armentières;25015;358;25373;2016;2019;59017;6.23;Commune;59017;Armentières;NORD;HAUTS-DE-FRANCE;245900410;245900410;Métropole Européenne de Lille
32;Hauts-de-France;59;5;02;250;Fournes-en-Weppes;2216;133;2349;2016;2019;59250;8.37;Commune;59250;Fournes-en-Weppes;NORD;HAUTS-DE-FRANCE;245900410;245900410;Métropole Européenne de Lille
32;Hauts-de-France;59;5;02;477;Provin;4242;28;4270;2016;2019;59477;3.33;Commune;59477;Provin;NORD;HAUTS-DE-FRANCE;245901061;245901061;CC de la Haute Deûle
32;Hauts-de-France;59;5;02;487;Radinghem-en-Weppes;1365;21;1386;2016;2019;59487;6.77;Commune;59487;;;;245900816;245900816;CC des Weppes
31;Nord-Pas-de-Calais;59;5;74;201;Erquinghem-le-Sec;539;4;543;2012;2015;59201;1.79;Commune;59201;;;;245900410;245900410;CU de Lille Métropole
31;Nord-Pas-de-Calais;59;5;74;566;Sequedin;4314;32;4346;2012;2015;59566;3.97;Commune;59566;Sequedin;NORD;HAUTS-DE-FRANCE;245900410;245900410;CU de Lille Métropole
31;Nord-Pas-de-Calais;59;5;84;009;Villeneuve-d'Ascq;62308;817;63125;2012;2015;59009;27.56;Commune;59009;Villeneuve-d'Ascq;NORD;HAUTS-DE-FRANCE;245900410;245900410;CU de Lille Métropole
32;Hauts-de-France;59;5;02;005;Allennes-les-Marais;3462;46;3508;2016;2019;59005;5.64;Commune;59005;;;;245901061;245901061;CC de la Haute Deûle
32;Hauts-de-France;59;5;28;196;Ennetières-en-Weppes;1316;20;1336;2016;2019;59196;10.57;Commune;59196;Ennetières-en-Weppes;NORD;HAUTS-DE-FRANCE;245900410;245900410;Métropole Européenne de Lille
32;Hauts-de-France;59;5;40;247;Forest-sur-Marque;1447;19;1466;2016;2019;59247;1.05;Commune;59247;Forest-sur-Marque;NORD;HAUTS-DE-FRANCE;245900410;245900410;Métropole Européenne de Lille
32;Hauts-de-France;59;5;37;426;Neuville-en-Ferrain;10371;68;10439;2016;2019;59426;6.2;Commune;59426;Neuville-en-Ferrain;NORD;HAUTS-DE-FRANCE;245900410;245900410;Métropole Européenne de Lille
32;Hauts-de-France;59;5;40;522;Sailly-lez-Lannoy;1773;34;1807;2016;2019;59522;4.46;Commune;59522;Sailly-lez-Lannoy;NORD;HAUTS-DE-FRANCE;245900410;245900410;Métropole Européenne de Lille
32;Hauts-de-France;59;5;28;195;Englos;602;8;610;2015;2018;59195;1.3;Commune;59195;Englos;NORD;HAUTS-DE-FRANCE;245900410;245900410;Métropole Européenne de Lille
32;Hauts-de-France;59;5;28;201;Erquinghem-le-Sec;580;10;590;2015;2018;59201;1.79;Commune;59201;;;;245900410;245900410;Métropole Européenne de Lille
32;Hauts-de-France;59;5;22;356;Lompret;2315;54;2369;2015;2018;59356;3.13;Commune;59356;;;;245900410;245900410;Métropole Européenne de Lille
32;Hauts-de-France;59;5;18;437;Noyelles-lès-Seclin;872;13;885;2015;2018;59437;2.42;Commune;59437;;;;245900410;245900410;Métropole Européenne de Lille
32;Hauts-de-France;59;5;36;523;Sainghin-en-Mélantois;2615;25;2640;2015;2018;59523;10.58;Commune;59523;Sainghin-en-Mélantois;NORD;HAUTS-DE-FRANCE;245900410;245900410;Métropole Européenne de Lille
32;Hauts-de-France;59;5;02;653;Wavrin;7656;77;7733;2015;2018;59653;13.57;Commune;59653;;;;245900410;245900410;Métropole Européenne de Lille
32;Hauts-de-France;59;5;04;173;Deûlémont;1682;20;1702;2014;2017;59173;9.96;Commune;59173;Deûlémont;NORD;HAUTS-DE-FRANCE;245900410;245900410;CU Lille Métropole
32;Hauts-de-France;59;5;04;202;Erquinghem-Lys;4928;43;4971;2014;2017;59202;9.2;Commune;59202;Erquinghem-Lys;NORD;HAUTS-DE-FRANCE;245900410;245900410;CU Lille Métropole
32;Hauts-de-France;59;5;04;252;Frelinghien;2400;23;2423;2014;2017;59252;11.29;Commune;59252;Frelinghien;NORD;HAUTS-DE-FRANCE;245900410;245900410;CU Lille Métropole
32;Hauts-de-France;59;5;22;328;Lambersart;28128;389;28517;2014;2017;59328;6.07;Commune;59328;Lambersart;NORD;HAUTS-DE-FRANCE;245900410;245900410;CU Lille Métropole
32;Hauts-de-France;59;5;24;378;Marcq-en-Barœul;39291;955;40246;2014;2017;59378;14.01;Commune;59378;Marcq-en-Barœul;NORD;HAUTS-DE-FRANCE;245900410;245900410;CU Lille Métropole
32;Hauts-de-France;59;5;28;566;Sequedin;4567;26;4593;2014;2017;59566;3.97;Commune;59566;Sequedin;NORD;HAUTS-DE-FRANCE;245900410;245900410;CU Lille Métropole
31;Nord-Pas-de-Calais;59;5;20;106;Bouvines;703;21;724;2012;2015;59106;2.73;Commune;59106;Bouvines;NORD;HAUTS-DE-FRANCE;245900410;245900410;CU de Lille Métropole
31;Nord-Pas-de-Calais;59;5;28;553;Santes;5697;77;5774;2012;2015;59553;7.52;Commune;59553;Santes;NORD;HAUTS-DE-FRANCE;245900410;245900410;CU de Lille Métropole
31;Nord-Pas-de-Calais;59;5;85;560;Seclin;12479;149;12628;2012;2015;59560;17.44;Commune;59560;Seclin;NORD;HAUTS-DE-FRANCE;245900410;245900410;CU de Lille Métropole
31;Nord-Pas-de-Calais;59;5;28;056;Beaucamps-Ligny;866;34;900;2013;2016;59056;5.06;Commune;59056;Beaucamps-Ligny;NORD;HAUTS-DE-FRANCE;245900410;245900410;CU de Lille Métropole
31;Nord-Pas-de-Calais;59;5;23;386;Marquette-lez-Lille;10196;69;10265;2013;2016;59386;4.81;Commune;59386;Marquette-lez-Lille;NORD;HAUTS-DE-FRANCE;245900410;245900410;CU de Lille Métropole
31;Nord-Pas-de-Calais;59;5;28;566;Sequedin;4443;26;4469;2013;2016;59566;3.97;Commune;59566;Sequedin;NORD;HAUTS-DE-FRANCE;245900410;245900410;CU de Lille Métropole
31;Nord-Pas-de-Calais;59;5;02;143;La Chapelle-d'Armentières;8390;86;8476;2012;2015;59143;10.74;Commune;59143;;;;245900410;245900410;CU de Lille Métropole
31;Nord-Pas-de-Calais;59;5;07;303;Herlies;2225;39;2264;2012;2015;59303;7.08;Commune;59303;Herlies;NORD;HAUTS-DE-FRANCE;245900410;245900410;CU de Lille Métropole
31;Nord-Pas-de-Calais;59;5;95;512;Roubaix;94536;646;95182;2012;2015;59512;13.21;Commune;59512;Roubaix;NORD;HAUTS-DE-FRANCE;245900410;245900410;CU de Lille Métropole
31;Nord-Pas-de-Calais;59;5;18;220;Faches-Thumesnil;17497;122;17619;2013;2016;59220;4.6;Commune;59220;Faches-Thumesnil;NORD;HAUTS-DE-FRANCE;245900410;245900410;CU de Lille Métropole
31;Nord-Pas-de-Calais;59;5;02;257;Fromelles;876;10;886;2013;2016;59257;8.69;Commune;59257;Fromelles;NORD;HAUTS-DE-FRANCE;245900816;245900816;CC des Weppes
31;Nord-Pas-de-Calais;59;5;37;279;Halluin;20915;184;21099;2013;2016;59279;12.67;Commune;59279;;;;245900410;245900410;CU de Lille Métropole
31;Nord-Pas-de-Calais;59;5;37;426;Neuville-en-Ferrain;10294;87;10381;2013;2016;59426;6.2;Commune;59426;Neuville-en-Ferrain;NORD;HAUTS-DE-FRANCE;245900410;245900410;CU de Lille Métropole
31;Nord-Pas-de-Calais;59;5;22;611;Verlinghem;2303;48;2351;2013;2016;59611;10.15;Commune;59611;Verlinghem;NORD;HAUTS-DE-FRANCE;245900410;245900410;CU de Lille Métropole
32;Hauts-de-France;59;5;02;005;Allennes-les-Marais;3413;47;3460;2015;2018;59005;5.64;Commune;59005;;;;245901061;245901061;CC de la Haute Deûle
32;Hauts-de-France;59;5;36;044;Baisieux;4735;51;4786;2015;2018;59044;8.68;Commune;59044;Baisieux;NORD;HAUTS-DE-FRANCE;245900410;245900410;Métropole Européenne de Lille
32;Hauts-de-France;59;5;04;252;Frelinghien;2420;24;2444;2015;2018;59252;11.29;Commune;59252;Frelinghien;NORD;HAUTS-DE-FRANCE;245900410;245900410;Métropole Européenne de Lille
32;Hauts-de-France;59;5;02;303;Herlies;2378;27;2405;2015;2018;59303;7.08;Commune;59303;Herlies;NORD;HAUTS-DE-FRANCE;245900410;245900410;Métropole Européenne de Lille
32;Hauts-de-France;59;5;26;346;Lezennes;3117;29;3146;2015;2018;59346;2.14;Commune;59346;Lezennes;NORD;HAUTS-DE-FRANCE;245900410;245900410;Métropole Européenne de Lille
32;Hauts-de-France;59;5;24;421;Mouvaux;13128;196;13324;2015;2018;59421;4.21;Commune;59421;;;;245900410;245900410;Métropole Européenne de Lille
32;Hauts-de-France;59;5;99;599;Tourcoing;96809;634;97443;2015;2018;59599;15.19;Commune;59599;;;;245900410;245900410;Métropole Européenne de Lille
32;Hauts-de-France;59;5;22;352;Linselles;8356;99;8455;2016;2019;59352;11.85;Commune;59352;Linselles;NORD;HAUTS-DE-FRANCE;245900410;245900410;Métropole Européenne de Lille
32;Hauts-de-France;59;5;23;527;Saint-André-lez-Lille;12293;136;12429;2016;2019;59527;3.19;Commune;59527;;;;245900410;245900410;Métropole Européenne de Lille
32;Hauts-de-France;59;5;23;636;Wambrechies;10539;87;10626;2016;2019;59636;15.52;Commune;59636;Wambrechies;NORD;HAUTS-DE-FRANCE;245900410;245900410;Métropole Européenne de Lille
32;Hauts-de-France;59;5;02;005;Allennes-les-Marais;3417;45;3462;2014;2017;59005;5.64;Commune;59005;;;;245901061;245901061;CC de la Haute Deûle
32;Hauts-de-France;59;5;28;201;Erquinghem-le-Sec;566;10;576;2014;2017;59201;1.79;Commune;59201;;;;245900410;245900410;CU Lille Métropole
32;Hauts-de-France;59;5;18;437;Noyelles-lès-Seclin;866;13;879;2014;2017;59437;2.42;Commune;59437;;;;245900410;245900410;CU Lille Métropole
32;Hauts-de-France;59;5;23;527;Saint-André-lez-Lille;12016;148;12164;2014;2017;59527;3.19;Commune;59527;;;;245900410;245900410;CU Lille Métropole
32;Hauts-de-France;59;5;99;599;Tourcoing;95329;636;95965;2014;2017;59599;15.19;Commune;59599;;;;245900410;245900410;CU Lille Métropole
31;Nord-Pas-de-Calais;59;5;36;044;Baisieux;4611;38;4649;2013;2016;59044;8.68;Commune;59044;Baisieux;NORD;HAUTS-DE-FRANCE;245900410;245900410;CU de Lille Métropole
31;Nord-Pas-de-Calais;59;5;28;195;Englos;561;8;569;2013;2016;59195;1.3;Commune;59195;Englos;NORD;HAUTS-DE-FRANCE;245900410;245900410;CU de Lille Métropole
31;Nord-Pas-de-Calais;59;5;24;378;Marcq-en-Baroeul;39392;933;40325;2013;2016;59378;14.01;Commune;59378;Marcq-en-Barœul;NORD;HAUTS-DE-FRANCE;245900410;245900410;CU de Lille Métropole
31;Nord-Pas-de-Calais;59;5;02;128;Capinghem;1670;27;1697;2012;2015;59128;1.84;Commune;59128;Capinghem;NORD;HAUTS-DE-FRANCE;245900410;245900410;CU de Lille Métropole
31;Nord-Pas-de-Calais;59;5;57;133;Carnin;960;21;981;2012;2015;59133;2.34;Commune;59133;Carnin;NORD;HAUTS-DE-FRANCE;245901061;245901061;CC de la Haute Deûle
31;Nord-Pas-de-Calais;59;5;33;275;Gruson;1146;46;1192;2012;2015;59275;3.13;Commune;59275;Gruson;NORD;HAUTS-DE-FRANCE;245900410;245900410;CU de Lille Métropole
31;Nord-Pas-de-Calais;59;5;51;356;Lompret;2300;55;2355;2012;2015;59356;3.13;Commune;59356;;;;245900410;245900410;CU de Lille Métropole
31;Nord-Pas-de-Calais;59;5;74;487;Radinghem-en-Weppes;1339;34;1373;2012;2015;59487;6.77;Commune;59487;;;;245900816;245900816;CC des Weppes
31;Nord-Pas-de-Calais;59;5;38;636;Wambrechies;9665;119;9784;2012;2015;59636;15.52;Commune;59636;Wambrechies;NORD;HAUTS-DE-FRANCE;245900410;245900410;CU de Lille Métropole
32;Hauts-de-France;59;5;33;339;Leers;9497;67;9564;2014;2017;59339;5.5;Commune;59339;Leers;NORD;HAUTS-DE-FRANCE;245900410;245900410;CU Lille Métropole
32;Hauts-de-France;59;5;23;368;La Madeleine;22248;225;22473;2014;2017;59368;2.69;Commune;59368;;;;245900410;245900410;CU Lille Métropole
32;Hauts-de-France;59;5;37;508;Roncq;13534;148;13682;2014;2017;59508;10.65;Commune;59508;Roncq;NORD;HAUTS-DE-FRANCE;245900410;245900410;CU Lille Métropole
32;Hauts-de-France;59;5;28;208;Escobecques;299;10;309;2016;2019;59208;1.84;Commune;59208;Escobecques;NORD;HAUTS-DE-FRANCE;245900410;245900410;Métropole Européenne de Lille
32;Hauts-de-France;59;5;36;256;Fretin;3379;25;3404;2016;2019;59256;13.33;Commune;59256;Fretin;NORD;HAUTS-DE-FRANCE;245900410;245900410;Métropole Européenne de Lille
32;Hauts-de-France;59;5;13;299;Hem;18914;178;19092;2016;2019;59299;9.69;Commune;59299;Hem;NORD;HAUTS-DE-FRANCE;245900410;245900410;Métropole Européenne de Lille
32;Hauts-de-France;59;5;02;320;Illies;1546;10;1556;2016;2019;59320;8.03;Commune;59320;Illies;NORD;HAUTS-DE-FRANCE;245900410;245900410;Métropole Européenne de Lille
32;Hauts-de-France;59;5;28;360;Loos;22076;363;22439;2016;2019;59360;6.9;Commune;59360;Loos;NORD;HAUTS-DE-FRANCE;245900410;245900410;Métropole Européenne de Lille
32;Hauts-de-France;59;5;04;457;Pérenchies;8366;43;8409;2016;2019;59457;3.05;Commune;59457;Pérenchies;NORD;HAUTS-DE-FRANCE;245900410;245900410;Métropole Européenne de Lille
32;Hauts-de-France;59;5;13;332;Lannoy;1766;8;1774;2015;2018;59332;0.17;Commune;59332;;;;245900410;245900410;Métropole Européenne de Lille
32;Hauts-de-France;59;5;33;339;Leers;9620;70;9690;2015;2018;59339;5.5;Commune;59339;Leers;NORD;HAUTS-DE-FRANCE;245900410;245900410;Métropole Européenne de Lille
32;Hauts-de-France;59;5;22;352;Linselles;8342;104;8446;2015;2018;59352;11.85;Commune;59352;Linselles;NORD;HAUTS-DE-FRANCE;245900410;245900410;Métropole Européenne de Lille
32;Hauts-de-France;59;5;02;524;Sainghin-en-Weppes;5641;59;5700;2015;2018;59524;7.81;Commune;59524;Sainghin-en-Weppes;NORD;HAUTS-DE-FRANCE;245900410;245900410;Métropole Européenne de Lille
32;Hauts-de-France;59;5;13;646;Wasquehal;20963;252;21215;2015;2018;59646;6.9;Commune;59646;;;;245900410;245900410;Métropole Européenne de Lille
32;Hauts-de-France;59;5;04;128;Capinghem;2354;22;2376;2015;2018;59128;1.84;Commune;59128;Capinghem;NORD;HAUTS-DE-FRANCE;245900410;245900410;Métropole Européenne de Lille
32;Hauts-de-France;59;5;40;598;Toufflers;3902;21;3923;2015;2018;59598;2.43;Commune;59598;Toufflers;NORD;HAUTS-DE-FRANCE;245900410;245900410;Métropole Européenne de Lille
32;Hauts-de-France;59;5;18;193;Emmerin;3189;26;3215;2014;2017;59193;4.99;Commune;59193;Emmerin;NORD;HAUTS-DE-FRANCE;245900410;245900410;CU Lille Métropole
31;Nord-Pas-de-Calais;59;5;18;316;Houplin-Ancoisne;3480;38;3518;2013;2016;59316;6.49;Commune;59316;Houplin-Ancoisne;NORD;HAUTS-DE-FRANCE;245900410;245900410;CU de Lille Métropole
31;Nord-Pas-de-Calais;59;5;04;317;Houplines;7870;130;8000;2013;2016;59317;11.41;Commune;59317;Houplines;NORD;HAUTS-DE-FRANCE;245900410;245900410;CU de Lille Métropole
31;Nord-Pas-de-Calais;59;5;04;470;Prémesques;2220;16;2236;2013;2016;59470;5.08;Commune;59470;Prémesques;NORD;HAUTS-DE-FRANCE;245900410;245900410;CU de Lille Métropole
31;Nord-Pas-de-Calais;59;5;18;609;Vendeville;1692;13;1705;2013;2016;59609;2.58;Commune;59609;Vendeville;NORD;HAUTS-DE-FRANCE;245900410;245900410;CU de Lille Métropole
31;Nord-Pas-de-Calais;59;5;61;508;Roncq;13366;156;13522;2012;2015;59508;10.65;Commune;59508;Roncq;NORD;HAUTS-DE-FRANCE;245900410;245900410;CU de Lille Métropole
32;Hauts-de-France;59;5;23;636;Wambrechies;10162;83;10245;2015;2018;59636;15.52;Commune;59636;Wambrechies;NORD;HAUTS-DE-FRANCE;245900410;245900410;Métropole Européenne de Lille
32;Hauts-de-France;59;5;02;025;Aubers;1610;19;1629;2016;2019;59025;10.09;Commune;59025;;;;245900816;245900816;CC des Weppes
32;Hauts-de-France;59;5;36;106;Bouvines;691;15;706;2016;2019;59106;2.73;Commune;59106;Bouvines;NORD;HAUTS-DE-FRANCE;245900410;245900410;Métropole Européenne de Lille
32;Hauts-de-France;59;5;33;339;Leers;9546;75;9621;2016;2019;59339;5.5;Commune;59339;Leers;NORD;HAUTS-DE-FRANCE;245900410;245900410;Métropole Européenne de Lille
32;Hauts-de-France;59;5;18;585;Templemars;3356;26;3382;2016;2019;59585;4.61;Commune;59585;Templemars;NORD;HAUTS-DE-FRANCE;245900410;245900410;Métropole Européenne de Lille
32;Hauts-de-France;59;5;04;088;Bois-Grenier;1603;22;1625;2016;2019;59088;7.47;Commune;59088;Bois-Grenier;NORD;HAUTS-DE-FRANCE;245900816;245900816;CC des Weppes
32;Hauts-de-France;59;5;26;346;Lezennes;3143;24;3167;2016;2019;59346;2.14;Commune;59346;Lezennes;NORD;HAUTS-DE-FRANCE;245900410;245900410;Métropole Européenne de Lille
32;Hauts-de-France;59;5;02;658;Wicres;475;7;482;2016;2019;59658;2.79;Commune;59658;;;;245900410;245900410;Métropole Européenne de Lille
31;Nord-Pas-de-Calais;59;5;70;090;Bondues;9828;186;10014;2012;2015;59090;13.06;Commune;59090;Bondues;NORD;HAUTS-DE-FRANCE;245900410;245900410;CU de Lille Métropole
31;Nord-Pas-de-Calais;59;5;02;202;Erquinghem-Lys;4734;41;4775;2012;2015;59202;9.2;Commune;59202;Erquinghem-Lys;NORD;HAUTS-DE-FRANCE;245900410;245900410;CU de Lille Métropole
31;Nord-Pas-de-Calais;59;5;40;346;Lezennes;3135;25;3160;2012;2015;59346;2.14;Commune;59346;Lezennes;NORD;HAUTS-DE-FRANCE;245900410;245900410;CU de Lille Métropole
31;Nord-Pas-de-Calais;59;5;78;585;Templemars;3170;41;3211;2012;2015;59585;4.61;Commune;59585;Templemars;NORD;HAUTS-DE-FRANCE;245900410;245900410;CU de Lille Métropole
31;Nord-Pas-de-Calais;59;5;02;670;Don;1356;15;1371;2013;2016;59670;2.29;Commune;59670;Don;NORD;HAUTS-DE-FRANCE;245900410;245900410;CU de Lille Métropole
31;Nord-Pas-de-Calais;59;5;02;320;Illies;1409;23;1432;2013;2016;59320;8.03;Commune;59320;Illies;NORD;HAUTS-DE-FRANCE;245900410;245900410;CU de Lille Métropole
31;Nord-Pas-de-Calais;59;5;02;371;Le Maisnil;637;20;657;2013;2016;59371;3.55;Commune;59371;Le Maisnil;NORD;HAUTS-DE-FRANCE;245900816;245900816;CC des Weppes
31;Nord-Pas-de-Calais;59;5;37;508;Roncq;13524;152;13676;2013;2016;59508;10.65;Commune;59508;Roncq;NORD;HAUTS-DE-FRANCE;245900410;245900410;CU de Lille Métropole
31;Nord-Pas-de-Calais;59;5;23;636;Wambrechies;9854;81;9935;2013;2016;59636;15.52;Commune;59636;Wambrechies;NORD;HAUTS-DE-FRANCE;245900410;245900410;CU de Lille Métropole
32;Hauts-de-France;59;5;02;133;Carnin;961;17;978;2014;2017;59133;2.34;Commune;59133;Carnin;NORD;HAUTS-DE-FRANCE;245901061;245901061;CC de la Haute Deûle
32;Hauts-de-France;59;5;02;320;Illies;1391;23;1414;2014;2017;59320;8.03;Commune;59320;Illies;NORD;HAUTS-DE-FRANCE;245900410;245900410;CU Lille Métropole
32;Hauts-de-France;59;5;22;352;Linselles;8328;116;8444;2014;2017;59352;11.85;Commune;59352;Linselles;NORD;HAUTS-DE-FRANCE;245900410;245900410;CU Lille Métropole
32;Hauts-de-France;59;5;02;281;Hantay;1284;12;1296;2015;2018;59281;2.12;Commune;59281;Hantay;NORD;HAUTS-DE-FRANCE;245900410;245900410;Métropole Européenne de Lille
32;Hauts-de-France;59;5;18;286;Haubourdin;14804;131;14935;2015;2018;59286;5.48;Commune;59286;Haubourdin;NORD;HAUTS-DE-FRANCE;245900410;245900410;Métropole Européenne de Lille
32;Hauts-de-France;59;5;04;470;Prémesques;2165;22;2187;2015;2018;59470;5.08;Commune;59470;Prémesques;NORD;HAUTS-DE-FRANCE;245900410;245900410;Métropole Européenne de Lille
32;Hauts-de-France;59;5;23;527;Saint-André-lez-Lille;12336;135;12471;2015;2018;59527;3.19;Commune;59527;;;;245900410;245900410;Métropole Européenne de Lille
32;Hauts-de-France;59;5;18;560;Seclin;12645;100;12745;2015;2018;59560;17.44;Commune;59560;Seclin;NORD;HAUTS-DE-FRANCE;245900410;245900410;Métropole Européenne de Lille
32;Hauts-de-France;59;5;40;009;Villeneuve-d'Ascq;61920;779;62699;2015;2018;59009;27.56;Commune;59009;Villeneuve-d'Ascq;NORD;HAUTS-DE-FRANCE;245900410;245900410;Métropole Européenne de Lille
32;Hauts-de-France;59;5;40;247;Forest-sur-Marque;1453;17;1470;2014;2017;59247;1.05;Commune;59247;Forest-sur-Marque;NORD;HAUTS-DE-FRANCE;245900410;245900410;CU Lille Métropole
32;Hauts-de-France;59;5;04;643;Warneton;230;2;232;2014;2017;59643;4.16;Commune;59643;Warneton;NORD;HAUTS-DE-FRANCE;245900410;245900410;CU Lille Métropole
32;Hauts-de-France;59;5;02;011;Annœullin;10490;107;10597;2016;2019;59011;8.94;Commune;59011;Annœullin;NORD;HAUTS-DE-FRANCE;245901061;245901061;CC de la Haute Deûle
32;Hauts-de-France;59;5;24;421;Mouvaux;13326;200;13526;2016;2019;59421;4.21;Commune;59421;;;;245900410;245900410;Métropole Européenne de Lille
32;Hauts-de-France;59;5;37;508;Roncq;13475;105;13580;2016;2019;59508;10.65;Commune;59508;Roncq;NORD;HAUTS-DE-FRANCE;245900410;245900410;Métropole Européenne de Lille
32;Hauts-de-France;59;5;28;553;Santes;5768;53;5821;2016;2019;59553;7.52;Commune;59553;Santes;NORD;HAUTS-DE-FRANCE;245900410;245900410;Métropole Européenne de Lille
32;Hauts-de-France;59;5;02;051;La Bassée;6469;57;6526;2015;2018;59051;3.56;Commune;59051;La Bassée;NORD;HAUTS-DE-FRANCE;245900410;245900410;Métropole Européenne de Lille
32;Hauts-de-France;59;5;02;257;Fromelles;906;11;917;2015;2018;59257;8.69;Commune;59257;Fromelles;NORD;HAUTS-DE-FRANCE;245900816;245900816;CC des Weppes
32;Hauts-de-France;59;5;22;328;Lambersart;27517;402;27919;2015;2018;59328;6.07;Commune;59328;Lambersart;NORD;HAUTS-DE-FRANCE;245900410;245900410;Métropole Européenne de Lille
31;Nord-Pas-de-Calais;59;5;33;013;Anstaing;1339;14;1353;2012;2015;59013;2.3;Commune;59013;Anstaing;NORD;HAUTS-DE-FRANCE;245900410;245900410;CU de Lille Métropole
31;Nord-Pas-de-Calais;59;5;74;278;Hallennes-lez-Haubourdin;3975;31;4006;2012;2015;59278;4.43;Commune;59278;Hallennes-lez-Haubourdin;NORD;HAUTS-DE-FRANCE;245900410;245900410;CU de Lille Métropole
31;Nord-Pas-de-Calais;59;5;07;281;Hantay;1148;16;1164;2012;2015;59281;2.12;Commune;59281;Hantay;NORD;HAUTS-DE-FRANCE;245900410;245900410;CU de Lille Métropole
31;Nord-Pas-de-Calais;59;5;28;286;Haubourdin;14498;125;14623;2012;2015;59286;5.48;Commune;59286;Haubourdin;NORD;HAUTS-DE-FRANCE;245900410;245900410;CU de Lille Métropole
31;Nord-Pas-de-Calais;59;5;36;368;La Madeleine;22520;277;22797;2012;2015;59368;2.69;Commune;59368;;;;245900410;245900410;CU de Lille Métropole
31;Nord-Pas-de-Calais;59;5;54;646;Wasquehal;20536;242;20778;2012;2015;59646;6.9;Commune;59646;;;;245900410;245900410;CU de Lille Métropole
31;Nord-Pas-de-Calais;59;5;36;256;Fretin;3353;26;3379;2013;2016;59256;13.33;Commune;59256;Fretin;NORD;HAUTS-DE-FRANCE;245900410;245900410;CU de Lille Métropole
31;Nord-Pas-de-Calais;59;5;36;275;Gruson;1145;34;1179;2013;2016;59275;3.13;Commune;59275;Gruson;NORD;HAUTS-DE-FRANCE;245900410;245900410;CU de Lille Métropole
31;Nord-Pas-de-Calais;59;5;13;299;Hem;18721;180;18901;2013;2016;59299;9.69;Commune;59299;Hem;NORD;HAUTS-DE-FRANCE;245900410;245900410;CU de Lille Métropole
32;Hauts-de-France;59;5;02;025;Aubers;1562;17;1579;2014;2017;59025;10.09;Commune;59025;;;;245900816;245900816;CC des Weppes
32;Hauts-de-France;59;5;28;056;Beaucamps-Ligny;857;22;879;2015;2018;59056;5.06;Commune;59056;Beaucamps-Ligny;NORD;HAUTS-DE-FRANCE;245900410;245900410;Métropole Européenne de Lille
32;Hauts-de-France;59;5;02;320;Illies;1469;10;1479;2015;2018;59320;8.03;Commune;59320;Illies;NORD;HAUTS-DE-FRANCE;245900410;245900410;Métropole Européenne de Lille
32;Hauts-de-France;59;5;02;371;Le Maisnil;643;20;663;2015;2018;59371;3.55;Commune;59371;Le Maisnil;NORD;HAUTS-DE-FRANCE;245900816;245900816;CC des Weppes
32;Hauts-de-France;59;5;23;386;Marquette-lez-Lille;10424;72;10496;2016;2019;59386;4.81;Commune;59386;Marquette-lez-Lille;NORD;HAUTS-DE-FRANCE;245900410;245900410;Métropole Européenne de Lille
32;Hauts-de-France;59;5;40;660;Willems;3014;42;3056;2016;2019;59660;5.86;Commune;59660;Willems;NORD;HAUTS-DE-FRANCE;245900410;245900410;Métropole Européenne de Lille
31;Nord-Pas-de-Calais;59;5;07;320;Illies;1409;23;1432;2012;2015;59320;8.03;Commune;59320;Illies;NORD;HAUTS-DE-FRANCE;245900410;245900410;CU de Lille Métropole
31;Nord-Pas-de-Calais;59;5;78;437;Noyelles-lès-Seclin;863;17;880;2012;2015;59437;2.42;Commune;59437;;;;245900410;245900410;CU de Lille Métropole
31;Nord-Pas-de-Calais;59;5;33;660;Willems;3045;27;3072;2012;2015;59660;5.86;Commune;59660;Willems;NORD;HAUTS-DE-FRANCE;245900410;245900410;CU de Lille Métropole
31;Nord-Pas-de-Calais;59;5;02;005;Allennes-les-Marais;3387;46;3433;2013;2016;59005;5.64;Commune;59005;;;;245901061;245901061;CC de la Haute Deûle
31;Nord-Pas-de-Calais;59;5;22;328;Lambersart;28491;345;28836;2013;2016;59328;6.07;Commune;59328;Lambersart;NORD;HAUTS-DE-FRANCE;245900410;245900410;CU de Lille Métropole
31;Nord-Pas-de-Calais;59;5;40;598;Toufflers;3961;22;3983;2013;2016;59598;2.43;Commune;59598;Toufflers;NORD;HAUTS-DE-FRANCE;245900410;245900410;CU de Lille Métropole
32;Hauts-de-France;59;5;28;566;Sequedin;4700;25;4725;2016;2019;59566;3.97;Commune;59566;Sequedin;NORD;HAUTS-DE-FRANCE;245900410;245900410;Métropole Européenne de Lille
32;Hauts-de-France;59;5;36;044;Baisieux;4720;42;4762;2014;2017;59044;8.68;Commune;59044;Baisieux;NORD;HAUTS-DE-FRANCE;245900410;245900410;CU Lille Métropole
32;Hauts-de-France;59;5;04;128;Capinghem;2073;31;2104;2014;2017;59128;1.84;Commune;59128;Capinghem;NORD;HAUTS-DE-FRANCE;245900410;245900410;CU Lille Métropole
32;Hauts-de-France;59;5;04;317;Houplines;7891;130;8021;2014;2017;59317;11.41;Commune;59317;Houplines;NORD;HAUTS-DE-FRANCE;245900410;245900410;CU Lille Métropole
32;Hauts-de-France;59;5;18;560;Seclin;12557;111;12668;2014;2017;59560;17.44;Commune;59560;Seclin;NORD;HAUTS-DE-FRANCE;245900410;245900410;CU Lille Métropole
32;Hauts-de-France;59;5;40;009;Villeneuve-d'Ascq;62869;863;63732;2014;2017;59009;27.56;Commune;59009;Villeneuve-d'Ascq;NORD;HAUTS-DE-FRANCE;245900410;245900410;CU Lille Métropole
32;Hauts-de-France;59;5;13;646;Wasquehal;21343;240;21583;2014;2017;59646;6.9;Commune;59646;;;;245900410;245900410;CU Lille Métropole
31;Nord-Pas-de-Calais;59;5;02;658;Wicres;424;3;427;2013;2016;59658;2.79;Commune;59658;;;;245900410;245900410;CU de Lille Métropole
32;Hauts-de-France;59;5;02;250;Fournes-en-Weppes;2183;131;2314;2015;2018;59250;8.37;Commune;59250;Fournes-en-Weppes;NORD;HAUTS-DE-FRANCE;245900410;245900410;Métropole Européenne de Lille
32;Hauts-de-France;59;5;04;457;Pérenchies;8307;44;8351;2015;2018;59457;3.05;Commune;59457;Pérenchies;NORD;HAUTS-DE-FRANCE;245900410;245900410;Métropole Européenne de Lille
31;Nord-Pas-de-Calais;59;5;40;220;Faches-Thumesnil;17476;146;17622;2012;2015;59220;4.6;Commune;59220;Faches-Thumesnil;NORD;HAUTS-DE-FRANCE;245900410;245900410;CU de Lille Métropole
31;Nord-Pas-de-Calais;59;5;78;316;Houplin-Ancoisne;3464;36;3500;2012;2015;59316;6.49;Commune;59316;Houplin-Ancoisne;NORD;HAUTS-DE-FRANCE;245900410;245900410;CU de Lille Métropole
31;Nord-Pas-de-Calais;59;5;62;426;Neuville-en-Ferrain;10280;88;10368;2012;2015;59426;6.2;Commune;59426;Neuville-en-Ferrain;NORD;HAUTS-DE-FRANCE;245900410;245900410;CU de Lille Métropole
31;Nord-Pas-de-Calais;59;5;51;457;Pérenchies;8289;59;8348;2012;2015;59457;3.05;Commune;59457;Pérenchies;NORD;HAUTS-DE-FRANCE;245900410;245900410;CU de Lille Métropole
31;Nord-Pas-de-Calais;59;5;51;656;Wervicq-Sud;5005;68;5073;2012;2015;59656;5.03;Commune;59656;Wervicq-Sud;NORD;HAUTS-DE-FRANCE;245900410;245900410;CU de Lille Métropole
32;Hauts-de-France;59;5;04;173;Deûlémont;1680;20;1700;2016;2019;59173;9.96;Commune;59173;Deûlémont;NORD;HAUTS-DE-FRANCE;245900410;245900410;Métropole Européenne de Lille
32;Hauts-de-France;59;5;04;252;Frelinghien;2402;24;2426;2016;2019;59252;11.29;Commune;59252;Frelinghien;NORD;HAUTS-DE-FRANCE;245900410;245900410;Métropole Européenne de Lille
31;Nord-Pas-de-Calais;59;5;74;195;Englos;562;7;569;2012;2015;59195;1.3;Commune;59195;Englos;NORD;HAUTS-DE-FRANCE;245900410;245900410;CU de Lille Métropole
31;Nord-Pas-de-Calais;59;5;48;256;Fretin;3340;24;3364;2012;2015;59256;13.33;Commune;59256;Fretin;NORD;HAUTS-DE-FRANCE;245900410;245900410;CU de Lille Métropole
31;Nord-Pas-de-Calais;59;5;78;343;Lesquin;6690;60;6750;2012;2015;59343;8.52;Commune;59343;Lesquin;NORD;HAUTS-DE-FRANCE;245900410;245900410;CU de Lille Métropole
32;Hauts-de-France;59;5;37;508;Roncq;13657;138;13795;2015;2018;59508;10.65;Commune;59508;Roncq;NORD;HAUTS-DE-FRANCE;245900410;245900410;Métropole Européenne de Lille
32;Hauts-de-France;59;5;22;656;Wervicq-Sud;5414;51;5465;2015;2018;59656;5.03;Commune;59656;Wervicq-Sud;NORD;HAUTS-DE-FRANCE;245900410;245900410;Métropole Européenne de Lille
31;Nord-Pas-de-Calais;59;5;04;088;Bois-Grenier;1538;20;1558;2013;2016;59088;7.47;Commune;59088;Bois-Grenier;NORD;HAUTS-DE-FRANCE;245900816;245900816;CC des Weppes
31;Nord-Pas-de-Calais;59;5;24;090;Bondues;9904;195;10099;2013;2016;59090;13.06;Commune;59090;Bondues;NORD;HAUTS-DE-FRANCE;245900410;245900410;CU de Lille Métropole
31;Nord-Pas-de-Calais;59;5;02;250;Fournes-en-Weppes;2145;125;2270;2013;2016;59250;8.37;Commune;59250;Fournes-en-Weppes;NORD;HAUTS-DE-FRANCE;245900410;245900410;CU de Lille Métropole
31;Nord-Pas-de-Calais;59;5;98;512;Roubaix;95866;664;96530;2013;2016;59512;13.21;Commune;59512;Roubaix;NORD;HAUTS-DE-FRANCE;245900410;245900410;CU de Lille Métropole
32;Hauts-de-France;59;5;28;278;Hallennes-lez-Haubourdin;4040;28;4068;2014;2017;59278;4.43;Commune;59278;Hallennes-lez-Haubourdin;NORD;HAUTS-DE-FRANCE;245900410;245900410;CU Lille Métropole
32;Hauts-de-France;59;5;22;356;Lompret;2310;55;2365;2014;2017;59356;3.13;Commune;59356;;;;245900410;245900410;CU Lille Métropole
32;Hauts-de-France;59;5;28;360;Loos;20720;310;21030;2014;2017;59360;6.9;Commune;59360;Loos;NORD;HAUTS-DE-FRANCE;245900410;245900410;CU Lille Métropole
32;Hauts-de-France;59;5;13;299;Hem;19114;183;19297;2014;2017;59299;9.69;Commune;59299;Hem;NORD;HAUTS-DE-FRANCE;245900410;245900410;CU Lille Métropole
32;Hauts-de-France;59;5;02;388;Marquillies;1979;37;2016;2014;2017;59388;6.82;Commune;59388;Marquillies;NORD;HAUTS-DE-FRANCE;245900410;245900410;CU Lille Métropole
32;Hauts-de-France;59;5;23;636;Wambrechies;10008;83;10091;2014;2017;59636;15.52;Commune;59636;Wambrechies;NORD;HAUTS-DE-FRANCE;245900410;245900410;CU Lille Métropole
32;Hauts-de-France;59;5;02;653;Wavrin;7661;77;7738;2014;2017;59653;13.57;Commune;59653;;;;245900410;245900410;CU Lille Métropole
32;Hauts-de-France;59;5;24;090;Bondues;9999;176;10175;2015;2018;59090;13.06;Commune;59090;Bondues;NORD;HAUTS-DE-FRANCE;245900410;245900410;Métropole Européenne de Lille
32;Hauts-de-France;59;5;24;090;Bondues;10046;179;10225;2016;2019;59090;13.06;Commune;59090;Bondues;NORD;HAUTS-DE-FRANCE;245900410;245900410;Métropole Européenne de Lille
32;Hauts-de-France;59;5;02;388;Marquillies;1986;25;2011;2016;2019;59388;6.82;Commune;59388;Marquillies;NORD;HAUTS-DE-FRANCE;245900410;245900410;Métropole Européenne de Lille
32;Hauts-de-France;59;5;36;602;Tressin;1407;33;1440;2016;2019;59602;1.91;Commune;59602;Tressin;NORD;HAUTS-DE-FRANCE;245900410;245900410;Métropole Européenne de Lille
31;Nord-Pas-de-Calais;59;5;36;106;Bouvines;701;17;718;2013;2016;59106;2.73;Commune;59106;Bouvines;NORD;HAUTS-DE-FRANCE;245900410;245900410;CU de Lille Métropole
31;Nord-Pas-de-Calais;59;5;22;352;Linselles;8192;114;8306;2013;2016;59352;11.85;Commune;59352;Linselles;NORD;HAUTS-DE-FRANCE;245900410;245900410;CU de Lille Métropole
31;Nord-Pas-de-Calais;59;5;24;421;Mouvaux;13309;231;13540;2013;2016;59421;4.21;Commune;59421;;;;245900410;245900410;CU de Lille Métropole
31;Nord-Pas-de-Calais;59;5;33;650;Wattrelos;41522;273;41795;2013;2016;59650;13.57;Commune;59650;Wattrelos;NORD;HAUTS-DE-FRANCE;245900410;245900410;CU de Lille Métropole
31;Nord-Pas-de-Calais;59;5;57;670;Don;1372;14;1386;2012;2015;59670;2.29;Commune;59670;Don;NORD;HAUTS-DE-FRANCE;245900410;245900410;CU de Lille Métropole
31;Nord-Pas-de-Calais;59;5;28;193;Emmerin;3210;34;3244;2012;2015;59193;4.99;Commune;59193;Emmerin;NORD;HAUTS-DE-FRANCE;245900410;245900410;CU de Lille Métropole
31;Nord-Pas-de-Calais;59;5;74;196;Ennetières-en-Weppes;1260;12;1272;2012;2015;59196;10.57;Commune;59196;Ennetières-en-Weppes;NORD;HAUTS-DE-FRANCE;245900410;245900410;CU de Lille Métropole
31;Nord-Pas-de-Calais;59;5;78;609;Vendeville;1673;13;1686;2012;2015;59609;2.58;Commune;59609;Vendeville;NORD;HAUTS-DE-FRANCE;245900410;245900410;CU de Lille Métropole
32;Hauts-de-France;59;5;18;220;Faches-Thumesnil;17381;105;17486;2015;2018;59220;4.6;Commune;59220;Faches-Thumesnil;NORD;HAUTS-DE-FRANCE;245900410;245900410;Métropole Européenne de Lille
32;Hauts-de-France;59;5;28;278;Hallennes-lez-Haubourdin;4144;31;4175;2015;2018;59278;4.43;Commune;59278;Hallennes-lez-Haubourdin;NORD;HAUTS-DE-FRANCE;245900410;245900410;Métropole Européenne de Lille
32;Hauts-de-France;59;5;37;279;Halluin;20662;160;20822;2015;2018;59279;12.67;Commune;59279;;;;245900410;245900410;Métropole Européenne de Lille
32;Hauts-de-France;59;5;28;360;Loos;21442;332;21774;2015;2018;59360;6.9;Commune;59360;Loos;NORD;HAUTS-DE-FRANCE;245900410;245900410;Métropole Européenne de Lille
32;Hauts-de-France;59;5;02;487;Radinghem-en-Weppes;1368;21;1389;2015;2018;59487;6.77;Commune;59487;;;;245900816;245900816;CC des Weppes
31;Nord-Pas-de-Calais;59;5;36;146;Chéreng;2976;51;3027;2013;2016;59146;4.2;Commune;59146;Chéreng;NORD;HAUTS-DE-FRANCE;245900410;245900410;CU de Lille Métropole
31;Nord-Pas-de-Calais;59;5;28;196;Ennetières-en-Weppes;1275;13;1288;2013;2016;59196;10.57;Commune;59196;Ennetières-en-Weppes;NORD;HAUTS-DE-FRANCE;245900410;245900410;CU de Lille Métropole
31;Nord-Pas-de-Calais;59;5;28;208;Escobecques;302;8;310;2013;2016;59208;1.84;Commune;59208;Escobecques;NORD;HAUTS-DE-FRANCE;245900410;245900410;CU de Lille Métropole
31;Nord-Pas-de-Calais;59;5;04;252;Frelinghien;2419;22;2441;2013;2016;59252;11.29;Commune;59252;Frelinghien;NORD;HAUTS-DE-FRANCE;245900410;245900410;CU de Lille Métropole
31;Nord-Pas-de-Calais;59;5;40;522;Sailly-lez-Lannoy;1704;37;1741;2013;2016;59522;4.46;Commune;59522;Sailly-lez-Lannoy;NORD;HAUTS-DE-FRANCE;245900410;245900410;CU de Lille Métropole
32;Hauts-de-France;59;5;24;090;Bondues;9952;174;10126;2014;2017;59090;13.06;Commune;59090;Bondues;NORD;HAUTS-DE-FRANCE;245900410;245900410;CU Lille Métropole
32;Hauts-de-France;59;5;18;316;Houplin-Ancoisne;3492;39;3531;2014;2017;59316;6.49;Commune;59316;Houplin-Ancoisne;NORD;HAUTS-DE-FRANCE;245900410;245900410;CU Lille Métropole
32;Hauts-de-France;59;5;25;410;Mons-en-Barœul;21231;174;21405;2014;2017;59410;2.9;Commune;59410;Mons-en-Barœul;NORD;HAUTS-DE-FRANCE;245900410;245900410;CU Lille Métropole
32;Hauts-de-France;59;5;18;609;Vendeville;1679;13;1692;2014;2017;59609;2.58;Commune;59609;Vendeville;NORD;HAUTS-DE-FRANCE;245900410;245900410;CU Lille Métropole
31;Nord-Pas-de-Calais;59;5;57;005;Allennes-les-Marais;3357;42;3399;2012;2015;59005;5.64;Commune;59005;;;;245901061;245901061;CC de la Haute Deûle
31;Nord-Pas-de-Calais;59;5;07;051;La Bassée;6413;53;6466;2012;2015;59051;3.56;Commune;59051;La Bassée;NORD;HAUTS-DE-FRANCE;245900410;245900410;CU de Lille Métropole
32;Hauts-de-France;59;5;28;056;Beaucamps-Ligny;857;22;879;2016;2019;59056;5.06;Commune;59056;Beaucamps-Ligny;NORD;HAUTS-DE-FRANCE;245900410;245900410;Métropole Européenne de Lille
32;Hauts-de-France;59;5;22;152;Comines;12369;99;12468;2016;2019;59152;16.07;Commune;59152;Comines;NORD;HAUTS-DE-FRANCE;245900410;245900410;Métropole Européenne de Lille
32;Hauts-de-France;59;5;18;648;Wattignies;14485;180;14665;2016;2019;59648;6.3;Commune;59648;Wattignies;NORD;HAUTS-DE-FRANCE;245900410;245900410;Métropole Européenne de Lille
32;Hauts-de-France;59;5;36;013;Anstaing;1375;15;1390;2014;2017;59013;2.3;Commune;59013;Anstaing;NORD;HAUTS-DE-FRANCE;245900410;245900410;CU Lille Métropole
32;Hauts-de-France;59;5;04;017;Armentières;25362;384;25746;2014;2017;59017;6.23;Commune;59017;Armentières;NORD;HAUTS-DE-FRANCE;245900410;245900410;CU Lille Métropole
32;Hauts-de-France;59;5;28;208;Escobecques;300;8;308;2014;2017;59208;1.84;Commune;59208;Escobecques;NORD;HAUTS-DE-FRANCE;245900410;245900410;CU Lille Métropole
32;Hauts-de-France;59;5;22;482;Quesnoy-sur-Deûle;6853;85;6938;2014;2017;59482;14.49;Commune;59482;Quesnoy-sur-Deûle;NORD;HAUTS-DE-FRANCE;245900410;245900410;CU Lille Métropole
32;Hauts-de-France;59;5;04;143;La Chapelle-d'Armentières;8432;90;8522;2016;2019;59143;10.74;Commune;59143;;;;245900410;245900410;Métropole Européenne de Lille
32;Hauts-de-France;59;5;02;524;Sainghin-en-Weppes;5640;60;5700;2016;2019;59524;7.81;Commune;59524;Sainghin-en-Weppes;NORD;HAUTS-DE-FRANCE;245900410;245900410;Métropole Européenne de Lille
32;Hauts-de-France;59;5;28;196;Ennetières-en-Weppes;1302;20;1322;2015;2018;59196;10.57;Commune;59196;Ennetières-en-Weppes;NORD;HAUTS-DE-FRANCE;245900410;245900410;Métropole Européenne de Lille
32;Hauts-de-France;59;5;33;650;Wattrelos;41264;228;41492;2015;2018;59650;13.57;Commune;59650;Wattrelos;NORD;HAUTS-DE-FRANCE;245900410;245900410;Métropole Européenne de Lille
31;Nord-Pas-de-Calais;59;5;57;052;Bauvin;5288;52;5340;2012;2015;59052;3.9;Commune;59052;Bauvin;NORD;HAUTS-DE-FRANCE;245901061;245901061;CC de la Haute Deûle
31;Nord-Pas-de-Calais;59;5;92;350;Lille;228652;6532;235184;2012;2015;59350;34.98;Commune;59350;Lille;NORD;HAUTS-DE-FRANCE;245900410;245900410;CU de Lille Métropole
31;Nord-Pas-de-Calais;59;5;74;371;Le Maisnil;628;22;650;2012;2015;59371;3.55;Commune;59371;Le Maisnil;NORD;HAUTS-DE-FRANCE;245900816;245900816;CC des Weppes
31;Nord-Pas-de-Calais;59;5;02;133;Carnin;948;21;969;2013;2016;59133;2.34;Commune;59133;Carnin;NORD;HAUTS-DE-FRANCE;245901061;245901061;CC de la Haute Deûle
31;Nord-Pas-de-Calais;59;5;02;550;Salomé;2974;12;2986;2013;2016;59550;5.33;Commune;59550;Salomé;NORD;HAUTS-DE-FRANCE;245900410;245900410;CU de Lille Métropole
31;Nord-Pas-de-Calais;59;5;99;599;Tourcoing;93974;663;94637;2013;2016;59599;15.19;Commune;59599;;;;245900410;245900410;CU de Lille Métropole
31;Nord-Pas-de-Calais;59;5;07;250;Fournes-en-Weppes;2126;120;2246;2012;2015;59250;8.37;Commune;59250;Fournes-en-Weppes;NORD;HAUTS-DE-FRANCE;245900410;245900410;CU de Lille Métropole
31;Nord-Pas-de-Calais;59;5;33;339;Leers;9400;67;9467;2012;2015;59339;5.5;Commune;59339;Leers;NORD;HAUTS-DE-FRANCE;245900410;245900410;CU de Lille Métropole
31;Nord-Pas-de-Calais;59;5;38;386;Marquette-lez-Lille;10226;80;10306;2012;2015;59386;4.81;Commune;59386;Marquette-lez-Lille;NORD;HAUTS-DE-FRANCE;245900410;245900410;CU de Lille Métropole
31;Nord-Pas-de-Calais;59;5;38;527;Saint-André-lez-Lille;11246;190;11436;2012;2015;59527;3.19;Commune;59527;;;;245900410;245900410;CU de Lille Métropole
32;Hauts-de-France;59;5;02;051;La Bassée;6421;55;6476;2016;2019;59051;3.56;Commune;59051;La Bassée;NORD;HAUTS-DE-FRANCE;245900410;245900410;Métropole Européenne de Lille
32;Hauts-de-France;59;5;28;278;Hallennes-lez-Haubourdin;4249;33;4282;2016;2019;59278;4.43;Commune;59278;Hallennes-lez-Haubourdin;NORD;HAUTS-DE-FRANCE;245900410;245900410;Métropole Européenne de Lille
32;Hauts-de-France;59;5;37;279;Halluin;20708;149;20857;2016;2019;59279;12.67;Commune;59279;;;;245900410;245900410;Métropole Européenne de Lille
31;Nord-Pas-de-Calais;59;5;04;643;Warneton;225;2;227;2013;2016;59643;4.16;Commune;59643;Warneton;NORD;HAUTS-DE-FRANCE;245900410;245900410;CU de Lille Métropole
32;Hauts-de-France;59;5;36;146;Chéreng;2976;50;3026;2014;2017;59146;4.2;Commune;59146;Chéreng;NORD;HAUTS-DE-FRANCE;245900410;245900410;CU Lille Métropole
32;Hauts-de-France;59;5;13;367;Lys-lez-Lannoy;13428;148;13576;2014;2017;59367;3.26;Commune;59367;Lys-lez-Lannoy;NORD;HAUTS-DE-FRANCE;245900410;245900410;CU Lille Métropole
32;Hauts-de-France;59;5;28;208;Escobecques;300;10;310;2015;2018;59208;1.84;Commune;59208;Escobecques;NORD;HAUTS-DE-FRANCE;245900410;245900410;Métropole Européenne de Lille
32;Hauts-de-France;59;5;25;410;Mons-en-Baroeul;20993;192;21185;2015;2018;59410;2.9;Commune;59410;Mons-en-Barœul;NORD;HAUTS-DE-FRANCE;245900410;245900410;Métropole Européenne de Lille
32;Hauts-de-France;59;5;26;507;Ronchin;18939;118;19057;2015;2018;59507;5.48;Commune;59507;Ronchin;NORD;HAUTS-DE-FRANCE;245900410;245900410;Métropole Européenne de Lille
32;Hauts-de-France;59;5;98;512;Roubaix;96077;570;96647;2015;2018;59512;13.21;Commune;59512;Roubaix;NORD;HAUTS-DE-FRANCE;245900410;245900410;Métropole Européenne de Lille
32;Hauts-de-France;59;5;28;553;Santes;5811;56;5867;2015;2018;59553;7.52;Commune;59553;Santes;NORD;HAUTS-DE-FRANCE;245900410;245900410;Métropole Européenne de Lille
32;Hauts-de-France;59;5;18;585;Templemars;3318;27;3345;2015;2018;59585;4.61;Commune;59585;Templemars;NORD;HAUTS-DE-FRANCE;245900410;245900410;Métropole Européenne de Lille
31;Nord-Pas-de-Calais;59;5;33;247;Forest-sur-Marque;1459;17;1476;2012;2015;59247;1.05;Commune;59247;Forest-sur-Marque;NORD;HAUTS-DE-FRANCE;245900410;245900410;CU de Lille Métropole
31;Nord-Pas-de-Calais;59;5;02;317;Houplines;7791;132;7923;2012;2015;59317;11.41;Commune;59317;Houplines;NORD;HAUTS-DE-FRANCE;245900410;245900410;CU de Lille Métropole
32;Hauts-de-France;59;5;36;044;Baisieux;4750;50;4800;2016;2019;59044;8.68;Commune;59044;Baisieux;NORD;HAUTS-DE-FRANCE;245900410;245900410;Métropole Européenne de Lille
32;Hauts-de-France;59;5;36;146;Chéreng;2989;43;3032;2016;2019;59146;4.2;Commune;59146;Chéreng;NORD;HAUTS-DE-FRANCE;245900410;245900410;Métropole Européenne de Lille
32;Hauts-de-France;59;5;04;317;Houplines;7840;112;7952;2016;2019;59317;11.41;Commune;59317;Houplines;NORD;HAUTS-DE-FRANCE;245900410;245900410;Métropole Européenne de Lille
32;Hauts-de-France;59;5;36;343;Lesquin;7912;69;7981;2016;2019;59343;8.52;Commune;59343;Lesquin;NORD;HAUTS-DE-FRANCE;245900410;245900410;Métropole Européenne de Lille
32;Hauts-de-France;59;5;13;367;Lys-lez-Lannoy;13340;140;13480;2016;2019;59367;3.26;Commune;59367;Lys-lez-Lannoy;NORD;HAUTS-DE-FRANCE;245900410;245900410;Métropole Européenne de Lille
32;Hauts-de-France;59;5;28;196;Ennetières-en-Weppes;1288;21;1309;2014;2017;59196;10.57;Commune;59196;Ennetières-en-Weppes;NORD;HAUTS-DE-FRANCE;245900410;245900410;CU Lille Métropole
32;Hauts-de-France;59;5;36;256;Fretin;3365;25;3390;2014;2017;59256;13.33;Commune;59256;Fretin;NORD;HAUTS-DE-FRANCE;245900410;245900410;CU Lille Métropole
32;Hauts-de-France;59;5;02;487;Radinghem-en-Weppes;1358;21;1379;2014;2017;59487;6.77;Commune;59487;;;;245900816;245900816;CC des Weppes
32;Hauts-de-France;59;5;40;660;Willems;3037;43;3080;2014;2017;59660;5.86;Commune;59660;Willems;NORD;HAUTS-DE-FRANCE;245900410;245900410;CU Lille Métropole
31;Nord-Pas-de-Calais;59;5;40;247;Forest-sur-Marque;1465;16;1481;2013;2016;59247;1.05;Commune;59247;Forest-sur-Marque;NORD;HAUTS-DE-FRANCE;245900410;245900410;CU de Lille Métropole
31;Nord-Pas-de-Calais;59;5;23;368;La Madeleine;22243;252;22495;2013;2016;59368;2.69;Commune;59368;;;;245900410;245900410;CU de Lille Métropole
31;Nord-Pas-de-Calais;59;5;22;482;Quesnoy-sur-Deûle;6915;84;6999;2013;2016;59482;14.49;Commune;59482;Quesnoy-sur-Deûle;NORD;HAUTS-DE-FRANCE;245900410;245900410;CU de Lille Métropole
31;Nord-Pas-de-Calais;59;5;26;507;Ronchin;18570;113;18683;2013;2016;59507;5.48;Commune;59507;Ronchin;NORD;HAUTS-DE-FRANCE;245900410;245900410;CU de Lille Métropole
31;Nord-Pas-de-Calais;59;5;23;527;Saint-André-lez-Lille;11533;178;11711;2013;2016;59527;3.19;Commune;59527;;;;245900410;245900410;CU de Lille Métropole
32;Hauts-de-France;59;5;22;098;Bousbecque;4908;45;4953;2015;2018;59098;6.46;Commune;59098;Bousbecque;NORD;HAUTS-DE-FRANCE;245900410;245900410;Métropole Européenne de Lille
32;Hauts-de-France;59;5;13;163;Croix;21239;296;21535;2015;2018;59163;4.5;Commune;59163;Croix;NORD;HAUTS-DE-FRANCE;245900410;245900410;Métropole Européenne de Lille
32;Hauts-de-France;59;5;36;343;Lesquin;7463;66;7529;2015;2018;59343;8.52;Commune;59343;Lesquin;NORD;HAUTS-DE-FRANCE;245900410;245900410;Métropole Européenne de Lille
32;Hauts-de-France;59;5;22;482;Quesnoy-sur-Deûle;6802;57;6859;2015;2018;59482;14.49;Commune;59482;Quesnoy-sur-Deûle;NORD;HAUTS-DE-FRANCE;245900410;245900410;Métropole Européenne de Lille
32;Hauts-de-France;59;5;23;368;La Madeleine;21533;191;21724;2015;2018;59368;2.69;Commune;59368;;;;245900410;245900410;Métropole Européenne de Lille
32;Hauts-de-France;59;5;23;386;Marquette-lez-Lille;10420;70;10490;2015;2018;59386;4.81;Commune;59386;Marquette-lez-Lille;NORD;HAUTS-DE-FRANCE;245900410;245900410;Métropole Européenne de Lille
32;Hauts-de-France;59;5;02;477;Provin;4194;27;4221;2015;2018;59477;3.33;Commune;59477;Provin;NORD;HAUTS-DE-FRANCE;245901061;245901061;CC de la Haute Deûle
32;Hauts-de-France;59;5;02;052;Bauvin;5292;59;5351;2014;2017;59052;3.9;Commune;59052;Bauvin;NORD;HAUTS-DE-FRANCE;245901061;245901061;CC de la Haute Deûle
32;Hauts-de-France;59;5;36;343;Lesquin;7249;64;7313;2014;2017;59343;8.52;Commune;59343;Lesquin;NORD;HAUTS-DE-FRANCE;245900410;245900410;CU Lille Métropole
32;Hauts-de-France;59;5;02;477;Provin;4191;28;4219;2014;2017;59477;3.33;Commune;59477;Provin;NORD;HAUTS-DE-FRANCE;245901061;245901061;CC de la Haute Deûle
32;Hauts-de-France;59;5;36;523;Sainghin-en-Mélantois;2541;55;2596;2014;2017;59523;10.58;Commune;59523;Sainghin-en-Mélantois;NORD;HAUTS-DE-FRANCE;245900410;245900410;CU Lille Métropole
32;Hauts-de-France;59;5;02;052;Bauvin;5230;42;5272;2016;2019;59052;3.9;Commune;59052;Bauvin;NORD;HAUTS-DE-FRANCE;245901061;245901061;CC de la Haute Deûle
32;Hauts-de-France;59;5;36;275;Gruson;1204;36;1240;2016;2019;59275;3.13;Commune;59275;Gruson;NORD;HAUTS-DE-FRANCE;245900410;245900410;Métropole Européenne de Lille
32;Hauts-de-France;59;5;18;286;Haubourdin;14934;120;15054;2016;2019;59286;5.48;Commune;59286;Haubourdin;NORD;HAUTS-DE-FRANCE;245900410;245900410;Métropole Européenne de Lille
31;Nord-Pas-de-Calais;59;5;51;173;Deûlémont;1684;21;1705;2012;2015;59173;9.96;Commune;59173;Deûlémont;NORD;HAUTS-DE-FRANCE;245900410;245900410;CU de Lille Métropole
31;Nord-Pas-de-Calais;59;5;02;470;Prémesques;2211;16;2227;2012;2015;59470;5.08;Commune;59470;Prémesques;NORD;HAUTS-DE-FRANCE;245900410;245900410;CU de Lille Métropole
31;Nord-Pas-de-Calais;59;5;13;646;Wasquehal;20990;202;21192;2013;2016;59646;6.9;Commune;59646;;;;245900410;245900410;CU de Lille Métropole
31;Nord-Pas-de-Calais;59;5;02;088;Bois-Grenier;1512;36;1548;2012;2015;59088;7.47;Commune;59088;Bois-Grenier;NORD;HAUTS-DE-FRANCE;245900816;245900816;CC des Weppes
31;Nord-Pas-de-Calais;59;5;20;458;Péronne-en-Mélantois;884;14;898;2012;2015;59458;1.15;Commune;59458;Péronne-en-Mélantois;NORD;HAUTS-DE-FRANCE;245900410;245900410;CU de Lille Métropole
31;Nord-Pas-de-Calais;59;5;20;523;Sainghin-en-Mélantois;2524;53;2577;2012;2015;59523;10.58;Commune;59523;Sainghin-en-Mélantois;NORD;HAUTS-DE-FRANCE;245900410;245900410;CU de Lille Métropole
31;Nord-Pas-de-Calais;59;5;13;332;Lannoy;1780;9;1789;2013;2016;59332;0.17;Commune;59332;;;;245900410;245900410;CU de Lille Métropole
31;Nord-Pas-de-Calais;59;5;26;346;Lezennes;3173;24;3197;2013;2016;59346;2.14;Commune;59346;Lezennes;NORD;HAUTS-DE-FRANCE;245900410;245900410;CU de Lille Métropole
31;Nord-Pas-de-Calais;59;5;28;360;Loos;20650;511;21161;2013;2016;59360;6.9;Commune;59360;Loos;NORD;HAUTS-DE-FRANCE;245900410;245900410;CU de Lille Métropole
31;Nord-Pas-de-Calais;59;5;04;457;Pérenchies;8275;60;8335;2013;2016;59457;3.05;Commune;59457;Pérenchies;NORD;HAUTS-DE-FRANCE;245900410;245900410;CU de Lille Métropole
31;Nord-Pas-de-Calais;59;5;36;523;Sainghin-en-Mélantois;2531;54;2585;2013;2016;59523;10.58;Commune;59523;Sainghin-en-Mélantois;NORD;HAUTS-DE-FRANCE;245900410;245900410;CU de Lille Métropole
31;Nord-Pas-de-Calais;59;5;28;553;Santes;5698;75;5773;2013;2016;59553;7.52;Commune;59553;Santes;NORD;HAUTS-DE-FRANCE;245900410;245900410;CU de Lille Métropole
31;Nord-Pas-de-Calais;59;5;02;653;Wavrin;7644;69;7713;2013;2016;59653;13.57;Commune;59653;;;;245900410;245900410;CU de Lille Métropole
32;Hauts-de-France;59;5;22;152;Comines;12326;73;12399;2014;2017;59152;16.07;Commune;59152;Comines;NORD;HAUTS-DE-FRANCE;245900410;245900410;CU Lille Métropole
32;Hauts-de-France;59;5;02;670;Don;1338;16;1354;2014;2017;59670;2.29;Commune;59670;Don;NORD;HAUTS-DE-FRANCE;245900410;245900410;CU Lille Métropole
32;Hauts-de-France;59;5;36;275;Gruson;1144;34;1178;2014;2017;59275;3.13;Commune;59275;Gruson;NORD;HAUTS-DE-FRANCE;245900410;245900410;CU Lille Métropole
32;Hauts-de-France;59;5;26;346;Lezennes;3136;25;3161;2014;2017;59346;2.14;Commune;59346;Lezennes;NORD;HAUTS-DE-FRANCE;245900410;245900410;CU Lille Métropole
32;Hauts-de-France;59;5;40;522;Sailly-lez-Lannoy;1692;36;1728;2014;2017;59522;4.46;Commune;59522;Sailly-lez-Lannoy;NORD;HAUTS-DE-FRANCE;245900410;245900410;CU Lille Métropole
32;Hauts-de-France;59;5;22;356;Lompret;2301;53;2354;2016;2019;59356;3.13;Commune;59356;;;;245900410;245900410;Métropole Européenne de Lille
32;Hauts-de-France;59;5;24;378;Marcq-en-Barœul;38805;892;39697;2016;2019;59378;14.01;Commune;59378;Marcq-en-Barœul;NORD;HAUTS-DE-FRANCE;245900410;245900410;Métropole Européenne de Lille
32;Hauts-de-France;59;5;25;410;Mons-en-Barœul;20855;191;21046;2016;2019;59410;2.9;Commune;59410;Mons-en-Barœul;NORD;HAUTS-DE-FRANCE;245900410;245900410;Métropole Européenne de Lille
32;Hauts-de-France;59;5;18;437;Noyelles-lès-Seclin;879;13;892;2016;2019;59437;2.42;Commune;59437;;;;245900410;245900410;Métropole Européenne de Lille
32;Hauts-de-France;59;5;18;609;Vendeville;1627;23;1650;2016;2019;59609;2.58;Commune;59609;Vendeville;NORD;HAUTS-DE-FRANCE;245900410;245900410;Métropole Européenne de Lille
32;Hauts-de-France;59;5;13;646;Wasquehal;20722;261;20983;2016;2019;59646;6.9;Commune;59646;;;;245900410;245900410;Métropole Européenne de Lille
32;Hauts-de-France;59;5;36;013;Anstaing;1404;14;1418;2015;2018;59013;2.3;Commune;59013;Anstaing;NORD;HAUTS-DE-FRANCE;245900410;245900410;Métropole Européenne de Lille
32;Hauts-de-France;59;5;04;143;La Chapelle-d'Armentières;8459;92;8551;2015;2018;59143;10.74;Commune;59143;;;;245900410;245900410;Métropole Européenne de Lille
32;Hauts-de-France;59;5;36;146;Chéreng;2988;50;3038;2015;2018;59146;4.2;Commune;59146;Chéreng;NORD;HAUTS-DE-FRANCE;245900410;245900410;Métropole Européenne de Lille
32;Hauts-de-France;59;5;13;299;Hem;19010;196;19206;2015;2018;59299;9.69;Commune;59299;Hem;NORD;HAUTS-DE-FRANCE;245900410;245900410;Métropole Européenne de Lille
32;Hauts-de-France;59;5;04;470;Prémesques;2138;22;2160;2016;2019;59470;5.08;Commune;59470;Prémesques;NORD;HAUTS-DE-FRANCE;245900410;245900410;Métropole Européenne de Lille
32;Hauts-de-France;59;5;40;009;Villeneuve-d'Ascq;62358;727;63085;2016;2019;59009;27.56;Commune;59009;Villeneuve-d'Ascq;NORD;HAUTS-DE-FRANCE;245900410;245900410;Métropole Européenne de Lille
32;Hauts-de-France;59;5;04;143;La Chapelle-d'Armentières;8485;94;8579;2014;2017;59143;10.74;Commune;59143;;;;245900410;245900410;CU Lille Métropole
32;Hauts-de-France;59;5;02;371;Le Maisnil;641;20;661;2014;2017;59371;3.55;Commune;59371;Le Maisnil;NORD;HAUTS-DE-FRANCE;245900816;245900816;CC des Weppes
32;Hauts-de-France;59;5;24;421;Mouvaux;13118;212;13330;2014;2017;59421;4.21;Commune;59421;;;;245900410;245900410;CU Lille Métropole
31;Nord-Pas-de-Calais;59;5;36;013;Anstaing;1347;15;1362;2013;2016;59013;2.3;Commune;59013;Anstaing;NORD;HAUTS-DE-FRANCE;245900410;245900410;CU de Lille Métropole
31;Nord-Pas-de-Calais;59;5;04;128;Capinghem;1695;27;1722;2013;2016;59128;1.84;Commune;59128;Capinghem;NORD;HAUTS-DE-FRANCE;245900410;245900410;CU de Lille Métropole
31;Nord-Pas-de-Calais;59;5;18;286;Haubourdin;14560;124;14684;2013;2016;59286;5.48;Commune;59286;Haubourdin;NORD;HAUTS-DE-FRANCE;245900410;245900410;CU de Lille Métropole
31;Nord-Pas-de-Calais;59;5;74;056;Beaucamps-Ligny;877;34;911;2012;2015;59056;5.06;Commune;59056;Beaucamps-Ligny;NORD;HAUTS-DE-FRANCE;245900410;245900410;CU de Lille Métropole
31;Nord-Pas-de-Calais;59;5;61;352;Linselles;8104;115;8219;2012;2015;59352;11.85;Commune;59352;Linselles;NORD;HAUTS-DE-FRANCE;245900410;245900410;CU de Lille Métropole
31;Nord-Pas-de-Calais;59;5;57;477;Provin;4183;18;4201;2012;2015;59477;3.33;Commune;59477;Provin;NORD;HAUTS-DE-FRANCE;245901061;245901061;CC de la Haute Deûle
31;Nord-Pas-de-Calais;59;5;51;611;Verlinghem;2330;51;2381;2012;2015;59611;10.15;Commune;59611;Verlinghem;NORD;HAUTS-DE-FRANCE;245900410;245900410;CU de Lille Métropole
32;Hauts-de-France;59;5;02;025;Aubers;1586;18;1604;2015;2018;59025;10.09;Commune;59025;;;;245900816;245900816;CC des Weppes
32;Hauts-de-France;59;5;40;247;Forest-sur-Marque;1437;17;1454;2015;2018;59247;1.05;Commune;59247;Forest-sur-Marque;NORD;HAUTS-DE-FRANCE;245900410;245900410;Métropole Européenne de Lille
32;Hauts-de-France;59;5;36;275;Gruson;1143;34;1177;2015;2018;59275;3.13;Commune;59275;Gruson;NORD;HAUTS-DE-FRANCE;245900410;245900410;Métropole Européenne de Lille
32;Hauts-de-France;59;5;36;458;Péronne-en-Mélantois;903;14;917;2015;2018;59458;1.15;Commune;59458;Péronne-en-Mélantois;NORD;HAUTS-DE-FRANCE;245900410;245900410;Métropole Européenne de Lille
32;Hauts-de-France;59;5;40;522;Sailly-lez-Lannoy;1696;36;1732;2015;2018;59522;4.46;Commune;59522;Sailly-lez-Lannoy;NORD;HAUTS-DE-FRANCE;245900410;245900410;Métropole Européenne de Lille
32;Hauts-de-France;59;5;02;658;Wicres;451;3;454;2015;2018;59658;2.79;Commune;59658;;;;245900410;245900410;Métropole Européenne de Lille
32;Hauts-de-France;59;5;04;017;Armentières;25066;379;25445;2015;2018;59017;6.23;Commune;59017;Armentières;NORD;HAUTS-DE-FRANCE;245900410;245900410;Métropole Européenne de Lille
32;Hauts-de-France;59;5;04;317;Houplines;7888;136;8024;2015;2018;59317;11.41;Commune;59317;Houplines;NORD;HAUTS-DE-FRANCE;245900410;245900410;Métropole Européenne de Lille
32;Hauts-de-France;59;5;22;611;Verlinghem;2430;53;2483;2015;2018;59611;10.15;Commune;59611;Verlinghem;NORD;HAUTS-DE-FRANCE;245900410;245900410;Métropole Européenne de Lille
32;Hauts-de-France;59;5;33;650;Wattrelos;41337;243;41580;2014;2017;59650;13.57;Commune;59650;Wattrelos;NORD;HAUTS-DE-FRANCE;245900410;245900410;CU Lille Métropole
32;Hauts-de-France;59;5;02;658;Wicres;433;3;436;2014;2017;59658;2.79;Commune;59658;;;;245900410;245900410;CU Lille Métropole
32;Hauts-de-France;59;5;22;098;Bousbecque;4833;47;4880;2016;2019;59098;6.46;Commune;59098;Bousbecque;NORD;HAUTS-DE-FRANCE;245900410;245900410;Métropole Européenne de Lille
32;Hauts-de-France;59;5;28;195;Englos;606;10;616;2016;2019;59195;1.3;Commune;59195;Englos;NORD;HAUTS-DE-FRANCE;245900410;245900410;Métropole Européenne de Lille
32;Hauts-de-France;59;5;23;368;La Madeleine;21253;196;21449;2016;2019;59368;2.69;Commune;59368;;;;245900410;245900410;Métropole Européenne de Lille
32;Hauts-de-France;59;5;98;512;Roubaix;96412;541;96953;2016;2019;59512;13.21;Commune;59512;Roubaix;NORD;HAUTS-DE-FRANCE;245900410;245900410;Métropole Européenne de Lille
32;Hauts-de-France;59;5;22;656;Wervicq-Sud;5412;49;5461;2016;2019;59656;5.03;Commune;59656;Wervicq-Sud;NORD;HAUTS-DE-FRANCE;245900410;245900410;Métropole Européenne de Lille
31;Nord-Pas-de-Calais;59;5;22;098;Bousbecque;4773;44;4817;2013;2016;59098;6.46;Commune;59098;Bousbecque;NORD;HAUTS-DE-FRANCE;245900410;245900410;CU de Lille Métropole
31;Nord-Pas-de-Calais;59;5;28;201;Erquinghem-le-Sec;553;10;563;2013;2016;59201;1.79;Commune;59201;;;;245900410;245900410;CU de Lille Métropole
31;Nord-Pas-de-Calais;59;5;28;278;Hallennes-lez-Haubourdin;3935;31;3966;2013;2016;59278;4.43;Commune;59278;Hallennes-lez-Haubourdin;NORD;HAUTS-DE-FRANCE;245900410;245900410;CU de Lille Métropole
31;Nord-Pas-de-Calais;59;5;18;560;Seclin;12571;129;12700;2013;2016;59560;17.44;Commune;59560;Seclin;NORD;HAUTS-DE-FRANCE;245900410;245900410;CU de Lille Métropole
31;Nord-Pas-de-Calais;59;5;07;524;Sainghin-en-Weppes;5554;55;5609;2012;2015;59524;7.81;Commune;59524;Sainghin-en-Weppes;NORD;HAUTS-DE-FRANCE;245900410;245900410;CU de Lille Métropole
31;Nord-Pas-de-Calais;59;5;97;599;Tourcoing;92707;703;93410;2012;2015;59599;15.19;Commune;59599;;;;245900410;245900410;CU de Lille Métropole
31;Nord-Pas-de-Calais;59;5;28;653;Wavrin;7626;66;7692;2012;2015;59653;13.57;Commune;59653;;;;245900410;245900410;CU de Lille Métropole
31;Nord-Pas-de-Calais;59;5;33;044;Baisieux;4571;38;4609;2012;2015;59044;8.68;Commune;59044;Baisieux;NORD;HAUTS-DE-FRANCE;245900410;245900410;CU de Lille Métropole
31;Nord-Pas-de-Calais;59;5;61;098;Bousbecque;4706;47;4753;2012;2015;59098;6.46;Commune;59098;Bousbecque;NORD;HAUTS-DE-FRANCE;245900410;245900410;CU de Lille Métropole
31;Nord-Pas-de-Calais;59;5;02;252;Frelinghien;2438;23;2461;2012;2015;59252;11.29;Commune;59252;Frelinghien;NORD;HAUTS-DE-FRANCE;245900410;245900410;CU de Lille Métropole
31;Nord-Pas-de-Calais;59;5;33;299;Hem;18374;169;18543;2012;2015;59299;9.69;Commune;59299;Hem;NORD;HAUTS-DE-FRANCE;245900410;245900410;CU de Lille Métropole
31;Nord-Pas-de-Calais;59;5;36;343;Lesquin;6969;62;7031;2013;2016;59343;8.52;Commune;59343;Lesquin;NORD;HAUTS-DE-FRANCE;245900410;245900410;CU de Lille Métropole
31;Nord-Pas-de-Calais;59;5;25;410;Mons-en-Baroeul;21513;176;21689;2013;2016;59410;2.9;Commune;59410;Mons-en-Barœul;NORD;HAUTS-DE-FRANCE;245900410;245900410;CU de Lille Métropole
31;Nord-Pas-de-Calais;59;5;36;602;Tressin;1430;53;1483;2013;2016;59602;1.91;Commune;59602;Tressin;NORD;HAUTS-DE-FRANCE;245900410;245900410;CU de Lille Métropole
32;Hauts-de-France;59;5;28;056;Beaucamps-Ligny;858;32;890;2014;2017;59056;5.06;Commune;59056;Beaucamps-Ligny;NORD;HAUTS-DE-FRANCE;245900410;245900410;CU Lille Métropole
32;Hauts-de-France;59;5;22;098;Bousbecque;4841;44;4885;2014;2017;59098;6.46;Commune;59098;Bousbecque;NORD;HAUTS-DE-FRANCE;245900410;245900410;CU Lille Métropole
32;Hauts-de-France;59;5;02;257;Fromelles;885;11;896;2014;2017;59257;8.69;Commune;59257;Fromelles;NORD;HAUTS-DE-FRANCE;245900816;245900816;CC des Weppes
32;Hauts-de-France;59;5;02;281;Hantay;1239;14;1253;2014;2017;59281;2.12;Commune;59281;Hantay;NORD;HAUTS-DE-FRANCE;245900410;245900410;CU Lille Métropole
32;Hauts-de-France;59;5;18;648;Wattignies;14190;166;14356;2014;2017;59648;6.3;Commune;59648;Wattignies;NORD;HAUTS-DE-FRANCE;245900410;245900410;CU Lille Métropole
32;Hauts-de-France;59;5;13;367;Lys-lez-Lannoy;13596;143;13739;2015;2018;59367;3.26;Commune;59367;Lys-lez-Lannoy;NORD;HAUTS-DE-FRANCE;245900410;245900410;Métropole Européenne de Lille
32;Hauts-de-France;59;5;36;602;Tressin;1415;35;1450;2015;2018;59602;1.91;Commune;59602;Tressin;NORD;HAUTS-DE-FRANCE;245900410;245900410;Métropole Européenne de Lille
32;Hauts-de-France;59;5;04;643;Warneton;234;2;236;2015;2018;59643;4.16;Commune;59643;Warneton;NORD;HAUTS-DE-FRANCE;245900410;245900410;Métropole Européenne de Lille
32;Hauts-de-France;59;5;40;660;Willems;3025;42;3067;2015;2018;59660;5.86;Commune;59660;Willems;NORD;HAUTS-DE-FRANCE;245900410;245900410;Métropole Européenne de Lille
32;Hauts-de-France;59;5;02;281;Hantay;1303;12;1315;2016;2019;59281;2.12;Commune;59281;Hantay;NORD;HAUTS-DE-FRANCE;245900410;245900410;Métropole Européenne de Lille
32;Hauts-de-France;59;5;13;332;Lannoy;1752;7;1759;2016;2019;59332;0.17;Commune;59332;;;;245900410;245900410;Métropole Européenne de Lille
32;Hauts-de-France;59;5;02;133;Carnin;988;19;1007;2016;2019;59133;2.34;Commune;59133;Carnin;NORD;HAUTS-DE-FRANCE;245901061;245901061;CC de la Haute Deûle
32;Hauts-de-France;59;5;02;670;Don;1307;14;1321;2016;2019;59670;2.29;Commune;59670;Don;NORD;HAUTS-DE-FRANCE;245900410;245900410;Métropole Européenne de Lille
32;Hauts-de-France;59;5;22;328;Lambersart;27618;409;28027;2016;2019;59328;6.07;Commune;59328;Lambersart;NORD;HAUTS-DE-FRANCE;245900410;245900410;Métropole Européenne de Lille
32;Hauts-de-France;59;5;22;482;Quesnoy-sur-Deûle;6780;58;6838;2016;2019;59482;14.49;Commune;59482;Quesnoy-sur-Deûle;NORD;HAUTS-DE-FRANCE;245900410;245900410;Métropole Européenne de Lille
32;Hauts-de-France;59;5;26;507;Ronchin;19074;132;19206;2016;2019;59507;5.48;Commune;59507;Ronchin;NORD;HAUTS-DE-FRANCE;245900410;245900410;Métropole Européenne de Lille
32;Hauts-de-France;59;5;04;643;Warneton;239;2;241;2016;2019;59643;4.16;Commune;59643;Warneton;NORD;HAUTS-DE-FRANCE;245900410;245900410;Métropole Européenne de Lille
32;Hauts-de-France;59;5;18;220;Faches-Thumesnil;17455;110;17565;2014;2017;59220;4.6;Commune;59220;Faches-Thumesnil;NORD;HAUTS-DE-FRANCE;245900410;245900410;CU Lille Métropole
32;Hauts-de-France;59;5;04;457;Pérenchies;8251;58;8309;2014;2017;59457;3.05;Commune;59457;Pérenchies;NORD;HAUTS-DE-FRANCE;245900410;245900410;CU Lille Métropole
32;Hauts-de-France;59;5;26;507;Ronchin;18676;115;18791;2014;2017;59507;5.48;Commune;59507;Ronchin;NORD;HAUTS-DE-FRANCE;245900410;245900410;CU Lille Métropole
31;Nord-Pas-de-Calais;59;5;02;017;Armentières;25993;412;26405;2012;2015;59017;6.23;Commune;59017;Armentières;NORD;HAUTS-DE-FRANCE;245900410;245900410;CU de Lille Métropole
31;Nord-Pas-de-Calais;59;5;78;648;Wattignies;13376;175;13551;2012;2015;59648;6.3;Commune;59648;Wattignies;NORD;HAUTS-DE-FRANCE;245900410;245900410;CU de Lille Métropole
31;Nord-Pas-de-Calais;59;5;97;350;Lille;231491;6512;238003;2013;2016;59350;34.98;Commune;59350;Lille;NORD;HAUTS-DE-FRANCE;245900410;245900410;CU de Lille Métropole
31;Nord-Pas-de-Calais;59;5;18;437;Noyelles-lès-Seclin;859;18;877;2013;2016;59437;2.42;Commune;59437;;;;245900410;245900410;CU de Lille Métropole
31;Nord-Pas-de-Calais;59;5;40;660;Willems;3048;29;3077;2013;2016;59660;5.86;Commune;59660;Willems;NORD;HAUTS-DE-FRANCE;245900410;245900410;CU de Lille Métropole
31;Nord-Pas-de-Calais;59;5;51;152;Comines;12787;101;12888;2012;2015;59152;16.07;Commune;59152;Comines;NORD;HAUTS-DE-FRANCE;245900410;245900410;CU de Lille Métropole
31;Nord-Pas-de-Calais;59;5;07;257;Fromelles;866;11;877;2012;2015;59257;8.69;Commune;59257;Fromelles;NORD;HAUTS-DE-FRANCE;245900816;245900816;CC des Weppes
31;Nord-Pas-de-Calais;59;5;63;421;Mouvaux;13628;235;13863;2012;2015;59421;4.21;Commune;59421;;;;245900410;245900410;CU de Lille Métropole
31;Nord-Pas-de-Calais;59;5;51;482;Quesnoy-sur-Deûle;6969;85;7054;2012;2015;59482;14.49;Commune;59482;Quesnoy-sur-Deûle;NORD;HAUTS-DE-FRANCE;245900410;245900410;CU de Lille Métropole
31;Nord-Pas-de-Calais;59;5;33;598;Toufflers;3990;27;4017;2012;2015;59598;2.43;Commune;59598;Toufflers;NORD;HAUTS-DE-FRANCE;245900410;245900410;CU de Lille Métropole
32;Hauts-de-France;59;5;36;458;Péronne-en-Mélantois;903;13;916;2016;2019;59458;1.15;Commune;59458;Péronne-en-Mélantois;NORD;HAUTS-DE-FRANCE;245900410;245900410;Métropole Européenne de Lille
32;Hauts-de-France;59;5;36;523;Sainghin-en-Mélantois;2687;25;2712;2016;2019;59523;10.58;Commune;59523;Sainghin-en-Mélantois;NORD;HAUTS-DE-FRANCE;245900410;245900410;Métropole Européenne de Lille
32;Hauts-de-France;59;5;02;051;La Bassée;6517;60;6577;2014;2017;59051;3.56;Commune;59051;La Bassée;NORD;HAUTS-DE-FRANCE;245900410;245900410;CU Lille Métropole
32;Hauts-de-France;59;5;36;458;Péronne-en-Mélantois;906;14;920;2014;2017;59458;1.15;Commune;59458;Péronne-en-Mélantois;NORD;HAUTS-DE-FRANCE;245900410;245900410;CU Lille Métropole
32;Hauts-de-France;59;5;02;524;Sainghin-en-Weppes;5614;57;5671;2014;2017;59524;7.81;Commune;59524;Sainghin-en-Weppes;NORD;HAUTS-DE-FRANCE;245900410;245900410;CU Lille Métropole
32;Hauts-de-France;59;5;22;611;Verlinghem;2353;50;2403;2014;2017;59611;10.15;Commune;59611;Verlinghem;NORD;HAUTS-DE-FRANCE;245900410;245900410;CU Lille Métropole
31;Nord-Pas-de-Calais;59;5;02;052;Bauvin;5306;51;5357;2013;2016;59052;3.9;Commune;59052;Bauvin;NORD;HAUTS-DE-FRANCE;245901061;245901061;CC de la Haute Deûle
31;Nord-Pas-de-Calais;59;5;18;193;Emmerin;3205;25;3230;2013;2016;59193;4.99;Commune;59193;Emmerin;NORD;HAUTS-DE-FRANCE;245900410;245900410;CU de Lille Métropole
31;Nord-Pas-de-Calais;59;5;40;009;Villeneuve-d'Ascq;62616;847;63463;2013;2016;59009;27.56;Commune;59009;Villeneuve-d'Ascq;NORD;HAUTS-DE-FRANCE;245900410;245900410;CU de Lille Métropole
32;Hauts-de-France;59;5;02;670;Don;1322;15;1337;2015;2018;59670;2.29;Commune;59670;Don;NORD;HAUTS-DE-FRANCE;245900410;245900410;Métropole Européenne de Lille
32;Hauts-de-France;59;5;18;316;Houplin-Ancoisne;3470;35;3505;2015;2018;59316;6.49;Commune;59316;Houplin-Ancoisne;NORD;HAUTS-DE-FRANCE;245900410;245900410;Métropole Européenne de Lille
32;Hauts-de-France;59;5;24;378;Marcq-en-Baroeul;39298;910;40208;2015;2018;59378;14.01;Commune;59378;Marcq-en-Barœul;NORD;HAUTS-DE-FRANCE;245900410;245900410;Métropole Européenne de Lille
32;Hauts-de-France;59;5;04;128;Capinghem;2424;29;2453;2016;2019;59128;1.84;Commune;59128;Capinghem;NORD;HAUTS-DE-FRANCE;245900410;245900410;Métropole Européenne de Lille
32;Hauts-de-France;59;5;18;220;Faches-Thumesnil;17591;128;17719;2016;2019;59220;4.6;Commune;59220;Faches-Thumesnil;NORD;HAUTS-DE-FRANCE;245900410;245900410;Métropole Européenne de Lille
32;Hauts-de-France;59;5;02;303;Herlies;2408;27;2435;2016;2019;59303;7.08;Commune;59303;Herlies;NORD;HAUTS-DE-FRANCE;245900410;245900410;Métropole Européenne de Lille
31;Nord-Pas-de-Calais;59;5;13;367;Lys-lez-Lannoy;13437;142;13579;2013;2016;59367;3.26;Commune;59367;Lys-lez-Lannoy;NORD;HAUTS-DE-FRANCE;245900410;245900410;CU de Lille Métropole
31;Nord-Pas-de-Calais;59;5;02;388;Marquillies;1989;37;2026;2013;2016;59388;6.82;Commune;59388;Marquillies;NORD;HAUTS-DE-FRANCE;245900410;245900410;CU de Lille Métropole
31;Nord-Pas-de-Calais;59;5;02;487;Radinghem-en-Weppes;1349;21;1370;2013;2016;59487;6.77;Commune;59487;;;;245900816;245900816;CC des Weppes
31;Nord-Pas-de-Calais;59;5;18;648;Wattignies;14179;167;14346;2013;2016;59648;6.3;Commune;59648;Wattignies;NORD;HAUTS-DE-FRANCE;245900410;245900410;CU de Lille Métropole
32;Hauts-de-France;59;5;02;250;Fournes-en-Weppes;2164;130;2294;2014;2017;59250;8.37;Commune;59250;Fournes-en-Weppes;NORD;HAUTS-DE-FRANCE;245900410;245900410;CU Lille Métropole
32;Hauts-de-France;59;5;37;279;Halluin;20748;175;20923;2014;2017;59279;12.67;Commune;59279;;;;245900410;245900410;CU Lille Métropole
31;Nord-Pas-de-Calais;59;5;33;332;Lannoy;1781;10;1791;2012;2015;59332;0.17;Commune;59332;;;;245900410;245900410;CU de Lille Métropole
31;Nord-Pas-de-Calais;59;5;33;367;Lys-lez-Lannoy;13317;126;13443;2012;2015;59367;3.26;Commune;59367;Lys-lez-Lannoy;NORD;HAUTS-DE-FRANCE;245900410;245900410;CU de Lille Métropole
31;Nord-Pas-de-Calais;59;5;40;507;Ronchin;18398;118;18516;2012;2015;59507;5.48;Commune;59507;Ronchin;NORD;HAUTS-DE-FRANCE;245900410;245900410;CU de Lille Métropole
31;Nord-Pas-de-Calais;59;5;51;643;Warneton;224;2;226;2012;2015;59643;4.16;Commune;59643;Warneton;NORD;HAUTS-DE-FRANCE;245900410;245900410;CU de Lille Métropole
32;Hauts-de-France;59;5;02;011;Annoeullin;10407;108;10515;2015;2018;59011;8.94;Commune;59011;Annœullin;NORD;HAUTS-DE-FRANCE;245901061;245901061;CC de la Haute Deûle
32;Hauts-de-France;59;5;22;152;Comines;12420;71;12491;2015;2018;59152;16.07;Commune;59152;Comines;NORD;HAUTS-DE-FRANCE;245900410;245900410;Métropole Européenne de Lille
32;Hauts-de-France;59;5;97;350;Lille;232741;4338;237079;2015;2018;59350;34.98;Commune;59350;Lille;NORD;HAUTS-DE-FRANCE;245900410;245900410;Métropole Européenne de Lille
32;Hauts-de-France;59;5;18;648;Wattignies;14295;172;14467;2015;2018;59648;6.3;Commune;59648;Wattignies;NORD;HAUTS-DE-FRANCE;245900410;245900410;Métropole Européenne de Lille
31;Nord-Pas-de-Calais;59;5;54;163;Croix;20664;293;20957;2012;2015;59163;4.5;Commune;59163;Croix;NORD;HAUTS-DE-FRANCE;245900410;245900410;CU de Lille Métropole
31;Nord-Pas-de-Calais;59;5;33;522;Sailly-lez-Lannoy;1728;38;1766;2012;2015;59522;4.46;Commune;59522;Sailly-lez-Lannoy;NORD;HAUTS-DE-FRANCE;245900410;245900410;CU de Lille Métropole
31;Nord-Pas-de-Calais;59;5;07;658;Wicres;410;3;413;2012;2015;59658;2.79;Commune;59658;;;;245900410;245900410;CU de Lille Métropole
32;Hauts-de-France;59;5;04;088;Bois-Grenier;1563;21;1584;2014;2017;59088;7.47;Commune;59088;Bois-Grenier;NORD;HAUTS-DE-FRANCE;245900816;245900816;CC des Weppes
32;Hauts-de-France;59;5;36;106;Bouvines;698;16;714;2014;2017;59106;2.73;Commune;59106;Bouvines;NORD;HAUTS-DE-FRANCE;245900410;245900410;CU Lille Métropole
32;Hauts-de-France;59;5;28;195;Englos;603;8;611;2014;2017;59195;1.3;Commune;59195;Englos;NORD;HAUTS-DE-FRANCE;245900410;245900410;CU Lille Métropole
32;Hauts-de-France;59;5;18;193;Emmerin;3174;27;3201;2016;2019;59193;4.99;Commune;59193;Emmerin;NORD;HAUTS-DE-FRANCE;245900410;245900410;Métropole Européenne de Lille
32;Hauts-de-France;59;5;02;550;Salomé;2969;24;2993;2016;2019;59550;5.33;Commune;59550;Salomé;NORD;HAUTS-DE-FRANCE;245900410;245900410;Métropole Européenne de Lille
31;Nord-Pas-de-Calais;59;5;22;656;Wervicq-Sud;5141;48;5189;2013;2016;59656;5.03;Commune;59656;Wervicq-Sud;NORD;HAUTS-DE-FRANCE;245900410;245900410;CU de Lille Métropole
